,,,,,,,,,,,,,,,,,,,,,,,,,,,,,,,,,,,,,,,,,,,,,,,,,,,,,,,,,
,,,,,,,REGISTRO DE AVANCE Y PROGRAMACIÓN DIARIO DE OBRA PROYECTO LINEA DE TRANSMISION A 230kV San Felipe - Puerta de Oro,,,,,,,,,,,,"NO. EDICIÓN: 4

FECHA DE EDICIÓN 1/02/2023",,,,,,,,,,,,,,,,,,,,,,,,,,,,,,,,,,,,,,
,,,,,,,,,,,,,,,,,,,,,,,,,,,,,,,,,,,,,,,,,,,,,,,,,,,,,,,,,
,,,,,,,,,,,,,,,,,,,,,,,,,,,,.,,,,,,,,,,,,,,,,,,,,,,,,,,,,,
,,,,,,,,,,,,,,,,,,,,,,,,,,,,,,,,,,,,,,,,,,,,,,,,,,,,,,,,,
,,,,,,,,,,,,,,,,,,,,,,,,,,,,,,,,,,,,,,,,,,,,,,,,,,,,,,,,,
,"EDICIÓN: 2
EDICIÓN: 3
EDICIÓN: 4",,,,,,"FECHA DEL CAMBIO: 26/10/2021
FECHA DEL CAMBIO: 29/10/2021
FECHA DEL CAMBIO: 1/02/2023",,,,,,,,,,,,"ASUNTO DEL CAMBIO: Se modifica el encabezado y se integra dentro del SGI.
ASUNTO DEL CAMBIO: Se incluye el espacio para las observaciones por parte de control de obra.
 ASUNTO DEL CAMBIO: Se incluye espacio para reporte de instalación de puentes y entrega al CTE ",,,,,,,,,,,,,,,,,,,,,,,,,,,,,,,,,,,,,,
,,,,,,,,,,,,,,,,,,,,,,,,,,,,,,,,,,,,,,,,,,,,,,,,,,,,,,,,,
,DESCRIPCIÓN DE EJECUTADO,,,,,,,,,,,domingo,,2026-02-01 00:00:00,,,DESCRIPCIÓN PROGRAMADO,,,lunes,,,,,2026-02-02 00:00:00,,,,,,,,,,,,,,,,,,,,,,,,,,,,,,,,
,,,,,,,,,,,,,,,,,,,,,,,,,,,,,,,,,,,,,,,,,,,,,,,,,,,,,,,,,
,1. SUMINISTROS,,,,,,,,,,,,,,,,,,,,,,,,,"OBSERVACIONES 
CONTROL DE OBRA",,,,,,,,,,,,,,,,,,,,,,,,,,,,,,,
,ÍTEM,ACTIVIDAD,,,,,ACUMULADO,,DESCRIPCIÓN DE EJECUTADO,,,,,,,,DESCRIPCIÓN PROGRAMADO,,,,,,,,,,,,,,,,,,,,,,,,,,,,,,,,,,,,,,,,
,1.1,Recepción de Stub,,,,,1,,,,,,,,,,,,,,,,,,,,,,,,,,,,,,,,,,,,,,,,,,,,,,,,,,
,1.2,Recepción de Estructura,,,,,1,,,,,,,,,, OB. COMPLEMENTARIAS,,,,,,,,, ,,,,,,,,,,,,,,,,,,,,,,,,,,,,,,,
,1.3,Recepción de cable Conductor y herrajes,,,,,1,,,,,,,,,,,,,,,,,,,,,,,,,,,,,,,,,,,,,,,,,,,,,,,,,,
,1.4,Recepción de cable OPGW,,,,,1,,,,,,,,,,,,,,,,,,, ,,,,,,,,,,,,,,,,,,,,,,,,,,,,,,,
,1.5,Recepción y despacho de materiales,,,,,1,,,,,,,,,,,,,,,,,,, ,,,,,,,,,,,,,,,,,,,,,,,,,,,,,,,
,,,,,,,,,,,,,,,,,,,,,,,,,,,,,,,,,,,,,,,,,,,,,,,,,,,,,,,,,
,2. PRELIMINARES,,,,,,,,,,,,,,,,,,,,,,,,,"OBSERVACIONES 
CONTROL DE OBRA",,,,,,,,,,,,,,,,,,,,,,,,,,,,,,,
,ÍTEM,ACTIVIDAD,,,,,ACUMULADO,,DESCRIPCIÓN DE EJECUTADO,,,,,2026-02-01 00:00:00,,,DESCRIPCIÓN PROGRAMADO,,,2026-02-02 00:00:00,OBSERVACIONES,,,,,,EJECUTADO,PROGRMADO,,,,,,,,,,,,,,,,,,,,,,,,,,,,,
,2.1,LIBERACIÓN PREDIAL CLIENTE PDO,,,,,1,,,,,,,,,,,,,,,,,,, ,,,,,,,,,,,,,,,,,,,,,,,,,,,,,,,
,2.2,ACTA DE VECINDAD CLIENTE PDO,,,,,1,,,,,,,,,,,,,,,,,,,,,,,,,,,,,,,,,,,,,,,,,,,,,,,,,,
,2.3,LIBERACION PARA CONSTRUCCION - CLIENTE PDO,,,,,1,,,,,,,,,,,,,,,,,,,,,,,,,,,,,,,,,,,,,,,,,,,,,,,,,,
,2.4,REPLANTEO TOPOGRÁFICO ,,,,,1,,,,,,,,,,,,,,,,,,,,,,,,,,,,,,,,,,,,,,,,,,,,,,,,,,
,2.5,PROBLEMAS TÉCNICOS,,,,,,,,,,,,,,,,,,,,,,,,,,,,,,,,,,,,,,,,,,,,,,,,,,,,,,,
,2.6,AHUYENTAMIENTO / FLORA / FAUNA,,,,,1,,,,,,,,,,,,,,,,,,,,,,,,,,,,,,,,,,,,,,,,,,,,,,,,,,
,2.7,APROVECHAMIENTO FORESTAL SITIO DE TORRE,,,,,1,,,,,,,,,,,,,,,,,,,,,,,,,,,,,,,,,,,,,,,,,,,,,,,,,,
,2.8,ARQUEOLOGIA,,,,,1,,,,,,,,,,,,,,,,,,,,,,,,,,,,,,,,,,,,,,,,,,,,,,,,,,
,2.9,APROVECHAMIENTO FORESTAL VANO,,,,,1,,,,,,,,,,,,,,,,,,,,,,,,,,,,,,,,,,,,,,,,,,,,,,,,,,
,2.1,ADECUACIÓN ACCESOS,,,,,0,,,,,,,,,,,,,,,,,,,,,,,,,,,,,,,,,,,,,,,,,,,,,,,,,,
,2.11,ADECUACIONES PATIO ,,,,,1,,,,,,,,,,,,,,,,,,,,,,,,,,,,,,,,,,,,,,,,,,,,,,,,,,
,2.12,MARCACIÓN,,,,,1,,,,,,,,,,,,,,,,,,,,,,,,,,,,,,,,,,,,,,,,,,,,,,,,,,
,,,,,,,,,,,,,,,,,,,,,,,,,,,,,,,,,,,,,,,,,,,,,,,,,,,,,,,,,
,,,,,,,,,,,,,,,,,,,,,,,,,,,,,,,,,,,,,,,,,,,,,,,,,,,,,,,,,
,3. OBRA CIVIL,,,,,,,,,,,,,,,,,,,,,,,,,"OBSERVACIONES 
CONTROL DE OBRA",,,,,,,,,,,,,,,,,,,,,,,,,,,,,,,
,No TORRE,TIPO,CIMENTACIÓN,MARCACIÓN,APROVECHAMIENTO FORESTAL,PATA,EXCAVACIÓN,SOLADO,PILOTES HELICOIDALES ,ACERO REFUERZO y/o  ARMADO PARRILLA,NIVELACIÓN,VACIADO,SPT BASE,COMPACTACIÓN,"SPT 
MÓDULOS",OBRA COMPLEMENTARIA,OBSERVACIONES EJECUTADO,,,,DESCRIPCIÓN PROGRAMADO,,,,2026-02-02 00:00:00,,EJECUTADO,PROGRAMADO,,,,,,,,,,,,,,,,,,,,,,,,,,,,,
,,,,,,,,,,,,,,,,,,,,,,,,,,,,,,,,,,,,,,,,,,,,,,,,,,,,,,,,,
T001,T1,D6,HELICOIDAL,0,0,A,1,1,1,1,1,1,1,1,1,,,,,,,,,,,,,CRUZ,,,,,,,,,,,,,,,,,,,,,,,,,,,,,
T001,,,,,,B,1,1,1,1,1,1,1,1,1,,,,,,,,,,,,,,,,,,,,,,,,,,,,,,,,,,,,,,,,,,
T001,,,,,,C,1,1,1,1,1,1,1,1,1,,,,,,,,,,,,,,,,,,,,,,,,,,,,,,,,,,,,,,,,,,
T001,,,,,,D,1,1,1,1,1,1,1,1,1,,,,,,,,,,,,,,,,,,,,,,,,,,,,,,,,,,,,,,,,,,
T002,T2,B4,HELICOIDAL,1,0,A,1,1,0,1,1,1,1,1,1,,,,,,,,,,,,,WILSON,,,,,,,,,,,,,,,,,,,,,,,,,,,,,
T002,,,,,,B,1,1,0,1,1,1,1,1,1,,,,,,,,,,,,,,,,,,,,,,,,,,,,,,,,,,,,,,,,,,
T002,,,,,,C,1,1,0,1,1,1,1,1,1,,,,,,,,,,,,,,,,,,,,,,,,,,,,,,,,,,,,,,,,,,
T002,,,,,,D,1,1,0,1,1,1,1,1,1,,,,,,,,,,,,,,,,,,,,,,,,,,,,,,,,,,,,,,,,,,
T003,T3,B4,HELICOIDAL,1,0,A,1,1,1,1,1,1,1,1,1,,,,,,,,,,,,,ANGEL,,,,,,,,,,,,,,,,,,,,,,,,,,,,,
T003,,,,,,B,1,1,1,1,1,1,1,1,1,,,,,,,,,,,,,,,,,,,,,,,,,,,,,,,,,,,,,,,,,,
T003,,,,,,C,1,1,1,1,1,1,1,1,1,,,,,,,,,,,,,,,,,,,,,,,,,,,,,,,,,,,,,,,,,,
T003,,,,,,D,1,1,1,1,1,1,1,1,1,,,,,,,,,,,,,,,,,,,,,,,,,,,,,,,,,,,,,,,,,,
T004,T4,D4,HELICOIDAL,1,0,A,1,1,1,1,1,1,1,1,1,1,,,,,,,,,,,,MECT,,,,,,,,,,,,,,,,,,,,,,,,,,,,,
T004,,,,,,B,1,1,1,1,1,1,1,1,1,,,,,,,,,,,,,,,,,,,,,,,,,,,,,,,,,,,,,,,,,,
T004,,,,,,C,1,1,1,1,1,1,1,1,1,,,,,,,,,,,,,,,,,,,,,,,,,,,,,,,,,,,,,,,,,,
T004,,,,,,D,1,1,1,1,1,1,1,1,1,,,,,,,,,,,,,,,,,,,,,,,,,,,,,,,,,,,,,,,,,,
T005,T5,B5,HELICOIDAL,1,0,A,1,1,1,1,1,1,1,1,1,,,,,,,,,,,,,,,,,,,,,,,,,,,,,,,,,,,,,,,,,,
T005,,,,,,B,1,1,1,1,1,1,1,1,1,,,,,,,,,,,,,,,,,,,,,,,,,,,,,,,,,,,,,,,,,,
T005,,,,,,C,1,1,1,1,1,1,1,1,1,,,,,,,,,,,,,,,,,,,,,,,,,,,,,,,,,,,,,,,,,,
T005,,,,,,D,1,1,1,1,1,1,1,1,1,,,,,,,,,,,,,,,,,,,,,,,,,,,,,,,,,,,,,,,,,,
T006,T6,C5,HELICOIDAL,1,0,A,1,1,1,1,1,1,1,1,1,,,,,,,,,,,,,,,,,,,,,,,,,,,,,,,,,,,,,,,,,,
T006,,,,,,B,1,1,1,1,1,1,1,1,1,,,,,,,,,,,,,,,,,,,,,,,,,,,,,,,,,,,,,,,,,,
T006,,,,,,C,1,1,1,1,1,1,1,1,1,,,,,,,,,,,,,,,,,,,,,,,,,,,,,,,,,,,,,,,,,,
T006,,,,,,D,1,1,1,1,1,1,1,1,1,,,,,,,,,,,,,,,,,,,,,,,,,,,,,,,,,,,,,,,,,,
T007,T7,B5,HELICOIDAL,1,0,A,1,1,1,1,1,1,1,1,1,,,,,,,,,,,,,,,,,,,,,,,,,,,,,,,,,,,,,,,,,,
T007,,,,,,B,1,1,1,1,1,1,1,1,1,,,,,,,,,,,,,,,,,,,,,,,,,,,,,,,,,,,,,,,,,,
T007,,,,,,C,1,1,1,1,1,1,1,1,1,,,,,,,,,,,,,,,,,,,,,,,,,,,,,,,,,,,,,,,,,,
T007,,,,,,D,1,1,1,1,1,1,1,1,1,,,,,,,,,,,,,,,,,,,,,,,,,,,,,,,,,,,,,,,,,,
T008,T8,B6,HELICOIDAL,1,0,A,1,1,1,1,1,1,1,1,1,,,,,,,,,,,,,,,,,,,,,,,,,,,,,,,,,,,,,,,,,,
T008,,,,,,B,1,1,1,1,1,1,1,1,1,,,,,,,,,,,,,,,,,,,,,,,,,,,,,,,,,,,,,,,,,,
T008,,,,,,C,1,1,1,1,1,1,1,1,1,,,,,,,,,,,,,,,,,,,,,,,,,,,,,,,,,,,,,,,,,,
T008,,,,,,D,1,1,1,1,1,1,1,1,1,,,,,,,,,,,,,,,,,,,,,,,,,,,,,,,,,,,,,,,,,,
T009,T9,B4,HELICOIDAL,1,0,A,1,1,1,1,1,1,1,1,1,,,,,,,,,,,,,MEC,,,,,,,,,,,,,,,,,,,,,,,,,,,,,
T009,,,,,,B,1,1,1,1,1,1,1,1,1,,,,,,,,,,,,,,,,,,,,,,,,,,,,,,,,,,,,,,,,,,
T009,,,,,,C,1,1,1,1,1,1,1,1,1,,,,,,,,,,,,,,,,,,,,,,,,,,,,,,,,,,,,,,,,,,
T009,,,,,,D,1,1,1,1,1,1,1,1,1,,,,,,,,,,,,,,,,,,,,,,,,,,,,,,,,,,,,,,,,,,
T010,T10,B3,HELICOIDAL,1,1,A,1,1,1,1,1,1,1,1,1,,,,,,,,,,,,,ANGEL,,,,,,,,,,,,,,,,,,,,,,,,,,,,,
T010,,,,,,B,1,1,1,1,1,1,1,1,1,,,,,,,,,,,,,,,,,,,,,,,,,,,,,,,,,,,,,,,,,,
T010,,,,,,C,1,1,1,1,1,1,1,1,1,,,,,,,,,,,,,,,,,,,,,,,,,,,,,,,,,,,,,,,,,,
T010,,,,,,D,1,1,1,1,1,1,1,1,1,,,,,,,,,,,,,,,,,,,,,,,,,,,,,,,,,,,,,,,,,,
T011,T11,C5,ZAPATA,1,0,A,1,1,0,1,1,1,1,1,1,,,,,,,,,,,,,,,,,,,,,,,,,,,,,,,,,,,,,,,,,,
T011,,,,,,B,1,1,0,1,1,1,1,1,1,,,,,,,,,,,,,,,,,,,,,,,,,,,,,,,,,,,,,,,,,,
T011,,,,,,C,1,1,0,1,1,1,1,1,1,,,,,,,,,,,,,,,,,,,,,,,,,,,,,,,,,,,,,,,,,,
T011,,,,,,D,1,1,0,1,1,1,1,1,1,,,,,,,,,,,,,,,,,,,,,,,,,,,,,,,,,,,,,,,,,,
T012,T12,B7,HELICOIDAL,1,0,A,1,1,0,1,1,1,1,1,1,,,,,,,,,,,,,ANGEL,,,,,,,,,,,,,,,,,,,,,,,,,,,,,
T012,,,,,,B,1,1,0,1,1,1,1,1,1,,,,,,,,,,,,,,,,,,,,,,,,,,,,,,,,,,,,,,,,,,
T012,,,,,,C,1,1,0,1,1,1,1,1,1,,,,,,,,,,,,,,,,,,,,,,,,,,,,,,,,,,,,,,,,,,
T012,,,,,,D,1,1,0,1,1,1,1,1,1,,,,,,,,,,,,,,,,,,,,,,,,,,,,,,,,,,,,,,,,,,
T013,T13,C2,HELICOIDAL,1,0,A,1,1,1,1,1,1,1,1,1,,,,,,,,,,,,,,,,,,,,,,,,,,,,,,,,,,,,,,,,,,
T013,,,,,,B,1,1,1,1,1,1,1,1,1,,,,,,,,,,,,,,,,,,,,,,,,,,,,,,,,,,,,,,,,,,
T013,,,,,,C,1,1,1,1,1,1,1,1,1,,,,,,,,,,,,,,,,,,,,,,,,,,,,,,,,,,,,,,,,,,
T013,,,,,,D,1,1,1,1,1,1,1,1,1,,,,,,,,,,,,,,,,,,,,,,,,,,,,,,,,,,,,,,,,,,
T014,T14,C2,ZAPATA,1,0,A,1,1,0,1,1,1,1,1,1,,,,,,,,,,,,,,,,,,,,,,,,,,,,,,,,,,,,,,,,,,
T014,,,,,,B,1,1,0,1,1,1,1,1,1,,,,,,,,,,,,,,,,,,,,,,,,,,,,,,,,,,,,,,,,,,
T014,,,,,,C,1,1,0,1,1,1,1,1,1,,,,,,,,,,,,,,,,,,,,,,,,,,,,,,,,,,,,,,,,,,
T014,,,,,,D,1,1,0,1,1,1,1,1,1,,,,,,,,,,,,,,,,,,,,,,,,,,,,,,,,,,,,,,,,,,
T015,T15,B4,HELICOIDAL,1,0,A,1,1,0,1,1,1,1,1,1,,,,,,,,,,,,,MEC,,,,,,,,,,,,,,,,,,,,,,,,,,,,,
T015,,,,,,B,1,1,0,1,1,1,1,1,1,,,,,,,,,,,,,,,,,,,,,,,,,,,,,,,,,,,,,,,,,,
T015,,,,,,C,1,1,0,1,1,1,1,1,1,,,,,,,,,,,,,,,,,,,,,,,,,,,,,,,,,,,,,,,,,,
T015,,,,,,D,1,1,0,1,1,1,1,1,1,,,,,,,,,,,,,,,,,,,,,,,,,,,,,,,,,,,,,,,,,,
T016,T16,A5,HELICOIDAL,1,1,A,1,1,1,1,1,1,1,1,1,,,,,,,,,,,,,,,,,,,,,,,,,,,,,,,,,,,,,,,,,,
T016,,,,,,B,1,1,1,1,1,1,1,1,1,,,,,,,,,,,,,,,,,,,,,,,,,,,,,,,,,,,,,,,,,,
T016,,,,,,C,1,1,1,1,1,1,1,1,1,,,,,,,,,,,,,,,,,,,,,,,,,,,,,,,,,,,,,,,,,,
T016,,,,,,D,1,1,1,1,1,1,1,1,1,,,,,,,,,,,,,,,,,,,,,,,,,,,,,,,,,,,,,,,,,,
T017,T17,A3,ZAPATA,1,0,A,1,1,0,1,1,1,1,1,1,,,,,,,,,,,,,,,,,,,,,,,,,,,,,,,,,,,,,,,,,,
T017,,,,,,B,1,1,0,1,1,1,1,1,1,,,,,,,,,,,,,,,,,,,,,,,,,,,,,,,,,,,,,,,,,,
T017,,,,,,C,1,1,0,1,1,1,1,1,1,,,,,,,,,,,,,,,,,,,,,,,,,,,,,,,,,,,,,,,,,,
T017,,,,,,D,1,1,0,1,1,1,1,1,1,,,,,,,,,,,,,,,,,,,,,,,,,,,,,,,,,,,,,,,,,,
T018,T18,B2,ZAPATA,1,0,A,1,1,0,1,1,1,1,1,1,,,,,,,,,,,,,IJAJI,,,,,,,,,,,,,,,,,,,,,,,,,,,,,
T018,,,,,,B,1,1,0,1,1,1,1,1,1,,,,,,,,,,,,,,,,,,,,,,,,,,,,,,,,,,,,,,,,,,
T018,,,,,,C,1,1,0,1,1,1,1,1,1,,,,,,,,,,,,,,,,,,,,,,,,,,,,,,,,,,,,,,,,,,
T018,,,,,,D,1,1,0,1,1,1,1,1,1,,,,,,,,,,,,,,,,,,,,,,,,,,,,,,,,,,,,,,,,,,
T019,T19,A5,ZAPATA,1,0,A,1,1,0,1,1,1,1,1,1,1,,,,,,,,,,,,IJAJI,,,,,,,,,,,,,,,,,,,,,,,,,,,,,
T019,,,,,,B,1,1,0,1,1,1,1,1,1,,,,,,,,,,,,,,,,,,,,,,,,,,,,,,,,,,,,,,,,,,
T019,,,,,,C,1,1,0,1,1,1,1,1,1,,,,,,,,,,,,,,,,,,,,,,,,,,,,,,,,,,,,,,,,,,
T019,,,,,,D,1,1,0,1,1,1,1,1,1,,,,,,,,,,,,,,,,,,,,,,,,,,,,,,,,,,,,,,,,,,
T020,T20,A6,HELICOIDAL,1,1,A,1,1,1,1,1,1,1,1,1,,,,,,,,,,,,,JULIO,,,,,,,,,,,,,,,,,,,,,,,,,,,,,
T020,,,,,,B,1,1,1,1,1,1,1,1,1,,,,,,,,,,,,,,,,,,,,,,,,,,,,,,,,,,,,,,,,,,
T020,,,,,,C,1,1,1,1,1,1,1,1,1,,,,,,,,,,,,,,,,,,,,,,,,,,,,,,,,,,,,,,,,,,
T020,,,,,,D,1,1,1,1,1,1,1,1,1,,,,,,,,,,,,,,,,,,,,,,,,,,,,,,,,,,,,,,,,,,
T021,T21,B1,HELICOIDAL,1,0,A,1,1,1,1,1,1,1,1,1,,,,,,,,,,,,,Angel,,,,,,,,,,,,,,,,,,,,,,,,,,,,,
T021,,,,,,B,1,1,1,1,1,1,1,1,1,,,,,,,,,,,,,,,,,,,,,,,,,,,,,,,,,,,,,,,,,,
T021,,,,,,C,1,1,1,1,1,1,1,1,1,,,,,,,,,,,,,,,,,,,,,,,,,,,,,,,,,,,,,,,,,,
T021,,,,,,D,1,1,1,1,1,1,1,1,1,,,,,,,,,,,,,,,,,,,,,,,,,,,,,,,,,,,,,,,,,,
T022,T22,C7,HELICOIDAL,1,0,A,1,1,1,1,1,1,1,1,1,,,,,,,,,,,,,Mec,,,,,,,,,,,,,,,,,,,,,,,,,,,,,
T022,,,,,,B,1,1,1,1,1,1,1,1,1,,,,,,,,,,,,,,,,,,,,,,,,,,,,,,,,,,,,,,,,,,
T022,,,,,,C,1,1,1,1,1,1,1,1,1,,,,,,,,,,,,,,,,,,,,,,,,,,,,,,,,,,,,,,,,,,
T022,,,,,,D,1,1,1,1,1,1,1,1,1,,,,,,,,,,,,,,,,,,,,,,,,,,,,,,,,,,,,,,,,,,
T023,T23,B6,HELICOIDAL,1,0,A,1,1,1,1,1,1,1,1,1,1,,,,,,,,,,,,Angel,,,,,,,,,,,,,,,,,,,,,,,,,,,,,
T023,,,,,,B,1,1,1,1,1,1,1,1,1,,,,,,,,,,,,,,,,,,,,,,,,,,,,,,,,,,,,,,,,,,
T023,,,,,,C,1,1,1,1,1,1,1,1,1,,,,,,,,,,,,,,,,,,,,,,,,,,,,,,,,,,,,,,,,,,
T023,,,,,,D,1,1,1,1,1,1,1,1,1,,,,,,,,,,,,,,,,,,,,,,,,,,,,,,,,,,,,,,,,,,
T024,T24,B7,HELICOIDAL,1,1,A,1,1,1,1,1,1,1,1,1,,,,,,,,,,,,,Angel,,,,,,,,,,,,,,,,,,,,,,,,,,,,,
T024,,,,,,B,1,1,1,1,1,1,1,1,1,,,,,,,,,,,,,,,,,,,,,,,,,,,,,,,,,,,,,,,,,,
T024,,,,,,C,1,1,1,1,1,1,1,1,1,,,,,,,,,,,,,,,,,,,,,,,,,,,,,,,,,,,,,,,,,,
T024,,,,,,D,1,1,1,1,1,1,1,1,1,,,,,,,,,,,,,,,,,,,,,,,,,,,,,,,,,,,,,,,,,,
T025,T25,A3,HELICOIDAL,1,0,A,#N/A,#N/A,#N/A,#N/A,#N/A,#N/A,#N/A,#N/A,#N/A,,,,,,,,,,,,,,,,,,,,,,,,,,,,,,,,,,,,,,,,,,
T025,,,,,,B,#N/A,#N/A,#N/A,#N/A,#N/A,#N/A,#N/A,#N/A,#N/A,,,,,,,,,,,,,,,,,,,,,,,,,,,,,,,,,,,,,,,,,,
T025,,,,,,C,#N/A,#N/A,#N/A,#N/A,#N/A,#N/A,#N/A,#N/A,#N/A,,,,,,,,,,,,,,,,,,,,,,,,,,,,,,,,,,,,,,,,,,
T025,,,,,,D,#N/A,#N/A,#N/A,#N/A,#N/A,#N/A,#N/A,#N/A,#N/A,,,,,,,,,,,,,,,,,,,,,,,,,,,,,,,,,,,,,,,,,,
T026,T26,B3,HELICOIDAL,1,0,A,1,1,1,1,1,1,1,1,1,,,,,,,,,,,,,JULIO,,,,,,,,,,,,,,,,,,,,,,,,,,,,,
T026,,,,,,B,1,1,1,1,1,1,1,1,1,,,,,,,,,,,,,,,,,,,,,,,,,,,,,,,,,,,,,,,,,,
T026,,,,,,C,1,1,1,1,1,1,1,1,1,,,,,,,,,,,,,,,,,,,,,,,,,,,,,,,,,,,,,,,,,,
T026,,,,,,D,1,1,1,1,1,1,1,1,1,,,,,,,,,,,,,,,,,,,,,,,,,,,,,,,,,,,,,,,,,,
T027,T27,A6,HELICOIDAL,1,0,A,1,1,1,1,1,1,1,1,1,,,,,,,,,,,,,,,,,,,,,,,,,,,,,,,,,,,,,,,,,,
T027,,,,,,B,1,1,1,1,1,1,1,1,1,,,,,,,,,,,,,,,,,,,,,,,,,,,,,,,,,,,,,,,,,,
T027,,,,,,C,1,1,1,1,1,1,1,1,1,,,,,,,,,,,,,,,,,,,,,,,,,,,,,,,,,,,,,,,,,,
T027,,,,,,D,1,1,1,1,1,1,1,1,1,,,,,,,,,,,,,,,,,,,,,,,,,,,,,,,,,,,,,,,,,,
T028,T28,B5,HELICOIDAL,1,0,A,1,1,1,1,1,1,1,1,1,,,,,,,,,,,,,,,,,,,,,,,,,,,,,,,,,,,,,,,,,,
T028,,,,,,B,1,1,1,1,1,1,1,1,1,,,,,,,,,,,,,,,,,,,,,,,,,,,,,,,,,,,,,,,,,,
T028,,,,,,C,1,1,1,1,1,1,1,1,1,,,,,,,,,,,,,,,,,,,,,,,,,,,,,,,,,,,,,,,,,,
T028,,,,,,D,1,1,1,1,1,1,1,1,1,,,,,,,,,,,,,,,,,,,,,,,,,,,,,,,,,,,,,,,,,,
T029,T29,C4,HELICOIDAL,1,0,A,1,1,0,1,1,1,1,1,1,,,,,,,,,,,,,,,,,,,,,,,,,,,,,,,,,,,,,,,,,,
T029,,,,,,B,1,1,0,1,1,1,1,1,1,,,,,,,,,,,,,,,,,,,,,,,,,,,,,,,,,,,,,,,,,,
T029,,,,,,C,1,1,0,1,1,1,1,1,1,,,,,,,,,,,,,,,,,,,,,,,,,,,,,,,,,,,,,,,,,,
T029,,,,,,D,1,1,0,1,1,1,1,1,1,,,,,,,,,,,,,,,,,,,,,,,,,,,,,,,,,,,,,,,,,,
T030,T30,B5,HELICOIDAL,1,0,A,1,1,1,1,1,1,1,1,1,,,,,,,,,,,,,ANGEL,,,,,,,,,,,,,,,,,,,,,,,,,,,,,
T030,,,,,,B,1,1,1,1,1,1,1,1,1,,,,,,,,,,,,,,,,,,,,,,,,,,,,,,,,,,,,,,,,,,
T030,,,,,,C,1,1,1,1,1,1,1,1,1,,,,,,,,,,,,,,,,,,,,,,,,,,,,,,,,,,,,,,,,,,
T030,,,,,,D,1,1,1,1,1,1,1,1,1,,,,,,,,,,,,,,,,,,,,,,,,,,,,,,,,,,,,,,,,,,
T031,T31,A7,ZAPATA,1,0,A,1,1,1,1,1,1,1,1,1,,,,,,,,,,,,,JULIO,,,,,,,,,,,,,,,,,,,,,,,,,,,,,
T031,,,,,,B,1,1,1,1,1,1,1,1,1,,,,,,,,,,,,,,,,,,,,,,,,,,,,,,,,,,,,,,,,,,
T031,,,,,,C,1,1,1,1,1,1,1,1,1,,,,,,,,,,,,,,,,,,,,,,,,,,,,,,,,,,,,,,,,,,
T031,,,,,,D,1,1,1,1,1,1,1,1,1,,,,,,,,,,,,,,,,,,,,,,,,,,,,,,,,,,,,,,,,,,
T032,T32,A6,HELICOIDAL,1,0,A,1,1,1,1,1,1,1,1,1,,,,,,,,,,,,,MECT,,,,,,,,,,,,,,,,,,,,,,,,,,,,,
T032,,,,,,B,1,1,1,1,1,1,1,1,1,,,,,,,,,,,,,,,,,,,,,,,,,,,,,,,,,,,,,,,,,,
T032,,,,,,C,1,1,1,1,1,1,1,1,1,,,,,,,,,,,,,,,,,,,,,,,,,,,,,,,,,,,,,,,,,,
T032,,,,,,D,1,1,1,1,1,1,1,1,1,,,,,,,,,,,,,,,,,,,,,,,,,,,,,,,,,,,,,,,,,,
T033,T33,B6,ZAPATA,1,1,A,1,1,0,1,1,1,1,1,1,1,,,,,,,,,,,,MECT,,,,,,,,,,,,,,,,,,,,,,,,,,,,,
T033,,,,,,B,1,1,0,1,1,1,1,1,1,,,,,,,,,,,,,,,,,,,,,,,,,,,,,,,,,,,,,,,,,,
T033,,,,,,C,1,1,0,1,1,1,1,1,1,,,,,,,,,,,,,,,,,,,,,,,,,,,,,,,,,,,,,,,,,,
T033,,,,,,D,1,1,0,1,1,1,1,1,1,,,,,,,,,,,,,,,,,,,,,,,,,,,,,,,,,,,,,,,,,,
T034,T34,B4,HELICOIDAL,1,1,A,1,1,0,1,1,1,1,1,1,1,,,,,,,,,,,,,,,,,,,,,,,,,,,,,,,,,,,,,,,,,
T034,,,,,,B,1,1,0,1,1,1,1,1,1,,,,,,,,,,,,,,,,,,,,,,,,,,,,,,,,,,,,,,,,,,
T034,,,,,,C,1,1,0,1,1,1,1,1,1,,,,,,,,,,,,,,,,,,,,,,,,,,,,,,,,,,,,,,,,,,
T034,,,,,,D,1,1,0,1,1,1,1,1,1,,,,,,,,,,,,,,,,,,,,,,,,,,,,,,,,,,,,,,,,,,
T035,T35,B4,HELICOIDAL,1,1,A,1,1,1,1,1,1,1,1,1,,,,,,,,,,,,,,,,,,,,,,,,,,,,,,,,,,,,,,,,,,
T035,,,,,,B,1,1,1,1,1,1,1,1,1,,,,,,,,,,,,,,,,,,,,,,,,,,,,,,,,,,,,,,,,,,
T035,,,,,,C,1,1,1,1,1,1,1,1,1,,,,,,,,,,,,,,,,,,,,,,,,,,,,,,,,,,,,,,,,,,
T035,,,,,,D,1,1,1,1,1,1,1,1,1,,,,,,,,,,,,,,,,,,,,,,,,,,,,,,,,,,,,,,,,,,
T036,T36,D2,HELICOIDAL,1,0,A,1,1,1,1,1,1,1,1,1,,,,,,,,,,,,,,,,,,,,,,,,,,,,,,,,,,,,,,,,,,
T036,,,,,,B,1,1,1,1,1,1,1,1,1,,,,,,,,,,,,,,,,,,,,,,,,,,,,,,,,,,,,,,,,,,
T036,,,,,,C,1,1,1,1,1,1,1,1,1,,,,,,,,,,,,,,,,,,,,,,,,,,,,,,,,,,,,,,,,,,
T036,,,,,,D,1,1,1,1,1,1,1,1,1,,,,,,,,,,,,,,,,,,,,,,,,,,,,,,,,,,,,,,,,,,
T037,T37,C2,HELICOIDAL,1,0,A,1,1,1,1,1,1,1,1,,,EXCAVACION / LIBERACION ARQUEOLOGIACA /  INSTALACION MALLA SPT / COMPACTACION.,,,,,,,,,,,,,,,,,,,,,,,,,,,,,,,,,,,,,,,,
T037,,,,,,B,1,1,1,1,1,1,1,1,,,,,,,,,,,,,,,,,,,,,,,,,,,,,,,,,,,,,,,,,,,
T037,,,,,,C,1,1,1,1,1,1,1,1,,,,,,,,,,,,,,,,,,,,,,,,,,,,,,,,,,,,,,,,,,,
T037,,,,,,D,1,1,1,1,1,1,1,1,,,,,,,,,,,,,,,,,,,,,,,,,,,,,,,,,,,,,,,,,,,
T038,T38,A3,HELICOIDAL,1,0,A,1,1,1,1,1,1,1,1,1,,,,,,,,,,,,,,,,,,,,,,,,,,,,,,,,,,,,,,,,,,
T038,,,,,,B,1,1,1,1,1,1,1,1,1,,,,,,,,,,,,,,,,,,,,,,,,,,,,,,,,,,,,,,,,,,
T038,,,,,,C,1,1,1,1,1,1,1,1,1,,,,,,,,,,,,,,,,,,,,,,,,,,,,,,,,,,,,,,,,,,
T038,,,,,,D,1,1,1,1,1,1,1,1,1,,,,,,,,,,,,,,,,,,,,,,,,,,,,,,,,,,,,,,,,,,
T039,T39,A3,HELICOIDAL,1,0,A,1,1,1,1,1,1,1,1,1,,,,,,,,,,,,,,,,,,,,,,,,,,,,,,,,,,,,,,,,,,
T039,,,,,,B,1,1,1,1,1,1,1,1,1,,,,,,,,,,,,,,,,,,,,,,,,,,,,,,,,,,,,,,,,,,
T039,,,,,,C,1,1,1,1,1,1,1,1,1,,,,,,,,,,,,,,,,,,,,,,,,,,,,,,,,,,,,,,,,,,
T039,,,,,,D,1,1,1,1,1,1,1,1,1,,,,,,,,,,,,,,,,,,,,,,,,,,,,,,,,,,,,,,,,,,
T040,T40,A4,HELICOIDAL,1,0,A,1,1,1,1,1,1,1,1,1,,,,,,,,,,,,,,,,,,,,,,,,,,,,,,,,,,,,,,,,,,
T040,,,,,,B,1,1,1,1,1,1,1,1,1,,,,,,,,,,,,,,,,,,,,,,,,,,,,,,,,,,,,,,,,,,
T040,,,,,,C,1,1,1,1,1,1,1,1,1,,,,,,,,,,,,,,,,,,,,,,,,,,,,,,,,,,,,,,,,,,
T040,,,,,,D,1,1,1,1,1,1,1,1,1,,,,,,,,,,,,,,,,,,,,,,,,,,,,,,,,,,,,,,,,,,
T041,T41,A4,HELICOIDAL,1,0,A,1,1,1,1,1,1,1,1,1,,,,,,,,,,,,,,,,,,,,,,,,,,,,,,,,,,,,,,,,,,
T041,,,,,,B,1,1,1,1,1,1,1,1,1,,,,,,,,,,,,,,,,,,,,,,,,,,,,,,,,,,,,,,,,,,
T041,,,,,,C,1,1,1,1,1,1,1,1,1,,,,,,,,,,,,,,,,,,,,,,,,,,,,,,,,,,,,,,,,,,
T041,,,,,,D,1,1,1,1,1,1,1,1,1,,,,,,,,,,,,,,,,,,,,,,,,,,,,,,,,,,,,,,,,,,
T042,T42,A3,ZAPATA,1,0,A,1,1,0,1,1,1,1,1,1,,,,,,,,,,,,,,,,,,,,,,,,,,,,,,,,,,,,,,,,,,
T042,,,,,,B,1,1,0,1,1,1,1,1,1,,,,,,,,,,,,,,,,,,,,,,,,,,,,,,,,,,,,,,,,,,
T042,,,,,,C,1,1,0,1,1,1,1,1,1,,,,,,,,,,,,,,,,,,,,,,,,,,,,,,,,,,,,,,,,,,
T042,,,,,,D,1,1,0,1,1,1,1,1,1,,,,,,,,,,,,,,,,,,,,,,,,,,,,,,,,,,,,,,,,,,
T043,T43,D5,ZAPATA,1,0,A,1,1,0,1,1,1,1,1,1,,,,,,,,,,,,,,,,,,,,,,,,,,,,,,,,,,,,,,,,,,
T043,,,,,,B,1,1,0,1,1,1,1,1,1,,,,,,,,,,,,,,,,,,,,,,,,,,,,,,,,,,,,,,,,,,
T043,,,,,,C,1,1,0,1,1,1,1,1,1,,,,,,,,,,,,,,,,,,,,,,,,,,,,,,,,,,,,,,,,,,
T043,,,,,,D,1,1,0,1,1,1,1,1,1,,,,,,,,,,,,,,,,,,,,,,,,,,,,,,,,,,,,,,,,,,
T044,T44,D5,ZAPATA,1,0,A,1,1,0,1,1,1,1,1,1,,,,,,,,,,,,,,,,,,,,,,,,,,,,,,,,,,,,,,,,,,
T044,,,,,,B,1,1,0,1,1,1,1,1,1,,,,,,,,,,,,,,,,,,,,,,,,,,,,,,,,,,,,,,,,,,
T044,,,,,,C,1,1,0,1,1,1,1,1,1,,,,,,,,,,,,,,,,,,,,,,,,,,,,,,,,,,,,,,,,,,
T044,,,,,,D,1,1,0,1,1,1,1,1,1,,,,,,,,,,,,,,,,,,,,,,,,,,,,,,,,,,,,,,,,,,
T045,T45,B7,HELICOIDAL,1,0,A,1,1,1,1,1,1,1,1,1,,,,,,,,,,,,,MECT,,,,,,,,,,,,,,,,,,,,,,,,,,,,,
T045,,,,,,B,1,1,1,1,1,1,1,1,1,,,,,,,,,,,,,,,,,,,,,,,,,,,,,,,,,,,,,,,,,,
T045,,,,,,C,1,1,1,1,1,1,1,1,1,,,,,,,,,,,,,,,,,,,,,,,,,,,,,,,,,,,,,,,,,,
T045,,,,,,D,1,1,1,1,1,1,1,1,1,,,,,,,,,,,,,,,,,,,,,,,,,,,,,,,,,,,,,,,,,,
T046,T46,A7,HELICOIDAL,1,0,A,1,1,1,1,1,1,1,1,1,,,,,,,,,,,,,,,,,,,,,,,,,,,,,,,,,,,,,,,,,,
T046,,,,,,B,1,1,1,1,1,1,1,1,1,,,,,,,,,,,,,,,,,,,,,,,,,,,,,,,,,,,,,,,,,,
T046,,,,,,C,1,1,1,1,1,1,1,1,1,,,,,,,,,,,,,,,,,,,,,,,,,,,,,,,,,,,,,,,,,,
T046,,,,,,D,1,1,1,1,1,1,1,1,1,,,,,,,,,,,,,,,,,,,,,,,,,,,,,,,,,,,,,,,,,,
T047,T47,B7,ZAPATA,1,0,A,1,1,0,1,1,1,1,1,1,,,,,,,,,,,,,,,,,,,,,,,,,,,,,,,,,,,,,,,,,,
T047,,,,,,B,1,1,0,1,1,1,1,1,1,,,,,,,,,,,,,,,,,,,,,,,,,,,,,,,,,,,,,,,,,,
T047,,,,,,C,1,1,0,1,1,1,1,1,1,,,,,,,,,,,,,,,,,,,,,,,,,,,,,,,,,,,,,,,,,,
T047,,,,,,D,1,1,0,1,1,1,1,1,1,,,,,,,,,,,,,,,,,,,,,,,,,,,,,,,,,,,,,,,,,,
T048,T48,B6,ZAPATA,1,0,A,1,1,0,1,1,1,1,1,1,,,,,,,,,,,,,,,,,,,,,,,,,,,,,,,,,,,,,,,,,,
T048,,,,,,B,1,1,0,1,1,1,1,1,1,,,,,,,,,,,,,,,,,,,,,,,,,,,,,,,,,,,,,,,,,,
T048,,,,,,C,1,1,0,1,1,1,1,1,1,,,,,,,,,,,,,,,,,,,,,,,,,,,,,,,,,,,,,,,,,,
T048,,,,,,D,1,1,0,1,1,1,1,1,1,,,,,,,,,,,,,,,,,,,,,,,,,,,,,,,,,,,,,,,,,,
T049,T49,C5,ZAPATA,1,0,A,1,1,0,1,1,1,1,1,1,1,,,,,,,,,,,,,,,,,,,,,,,,,,,,,,,,,,,,,,,,,
T049,,,,,,B,1,1,0,1,1,1,1,1,1,,,,,,,,,,,,,,,,,,,,,,,,,,,,,,,,,,,,,,,,,,
T049,,,,,,C,1,1,0,1,1,1,1,1,1,,,,,,,,,,,,,,,,,,,,,,,,,,,,,,,,,,,,,,,,,,
T049,,,,,,D,1,1,0,1,1,1,1,1,1,,,,,,,,,,,,,,,,,,,,,,,,,,,,,,,,,,,,,,,,,,
T050,T50,C5,ZAPATA,1,1,A,1,1,0,1,1,1,1,1,1,1,,,,,,,,,,,Astrid,MECT,,,,,,,,,,,,,,,,,,,,,,,,,,,,,
T050,,,,,,B,1,1,0,1,1,1,1,1,1,,,,,,,,,,,,,,,,,,,,,,,,,,,,,,,,,,,,,,,,,,
T050,,,,,,C,1,1,0,1,1,1,1,1,1,,,,,,,,,,,,,,,,,,,,,,,,,,,,,,,,,,,,,,,,,,
T050,,,,,,D,1,1,0,1,1,1,1,1,1,,,,,,,,,,,,,,,,,,,,,,,,,,,,,,,,,,,,,,,,,,
T051,T51,A4,ZAPATA,1,1,A,1,1,0,1,1,1,1,1,1,0,,,,,,,,,,,,,,,,,,,,,,,,,,,,,,,,,,,,,,,,,
T051,,,,,,B,1,1,0,1,1,1,1,1,1,,,,,,,,,,,,,,,,,,,,,,,,,,,,,,,,,,,,,,,,,,
T051,,,,,,C,1,1,0,1,1,1,1,1,1,,,,,,,,,,,,,,,,,,,,,,,,,,,,,,,,,,,,,,,,,,
T051,,,,,,D,1,1,0,1,1,1,1,1,1,,,,,,,,,,,,,,,,,,,,,,,,,,,,,,,,,,,,,,,,,,
T052,T52,B6,ZAPATA,1,0,A,1,1,0,1,1,1,1,1,1,1,,,,,,,,,,,,MECT,,,,,,,,,,,,,,,,,,,,,,,,,,,,,
T052,,,,,,B,1,1,0,1,1,1,1,1,1,,,,,,,,,,,,,,,,,,,,,,,,,,,,,,,,,,,,,,,,,,
T052,,,,,,C,1,1,0,1,1,1,1,1,1,,,,,,,,,,,,,,,,,,,,,,,,,,,,,,,,,,,,,,,,,,
T052,,,,,,D,1,1,0,1,1,1,1,1,1,,,,,,,,,,,,,,,,,,,,,,,,,,,,,,,,,,,,,,,,,,
T053,T53,B7,ZAPATA,1,1,A,1,1,0,1,1,1,1,1,1,1,,,,,,,,,,,,MECT,,,,,,,,,,,,,,,,,,,,,,,,,,,,,
T053,,,,,,B,1,1,0,1,1,1,1,1,1,,,,,,,,,,,,,,,,,,,,,,,,,,,,,,,,,,,,,,,,,,
T053,,,,,,C,1,1,0,1,1,1,1,1,1,,,,,,,,,,,,,,,,,,,,,,,,,,,,,,,,,,,,,,,,,,
T053,,,,,,D,1,1,0,1,1,1,1,1,1,,,,,,,,,,,,,,,,,,,,,,,,,,,,,,,,,,,,,,,,,,
T054,T54,B4,ZAPATA,1,1,A,1,1,0,1,1,1,1,1,1,1,,,,,,,,,,,J. Peña,TORO,,,,,,,,,,,,,,,,,,,,,,,,,,,,,
T054,,,,,,B,1,1,0,1,1,1,1,1,1,,,,,,,,,,,,,,,,,,,,,,,,,,,,,,,,,,,,,,,,,,
T054,,,,,,C,1,1,0,1,1,1,1,1,1,,,,,,,,,,,,,,,,,,,,,,,,,,,,,,,,,,,,,,,,,,
T054,,,,,,D,1,1,0,1,1,1,1,1,1,,,,,,,,,,,,,,,,,,,,,,,,,,,,,,,,,,,,,,,,,,
T055,T55,A4,ZAPATA,1,0,A,1,1,0,1,1,1,1,1,1,1,,,,,,,,,,,Nafer Lopez,JULIO,,,,,,,,,,,,,,,,,,,,,,,,,,,,,
T055,,,,,,B,1,1,0,1,1,1,1,1,1,,,,,,,,,,,,,,,,,,,,,,,,,,,,,,,,,,,,,,,,,,
T055,,,,,,C,1,1,0,1,1,1,1,1,1,,,,,,,,,,,,,,,,,,,,,,,,,,,,,,,,,,,,,,,,,,
T055,,,,,,D,1,1,0,1,1,1,1,1,1,,,,,,,,,,,,,,,,,,,,,,,,,,,,,,,,,,,,,,,,,,
T056,T56,A4,ZAPATA,1,1,A,1,1,0,1,1,1,1,1,1,1,,,,,,,,,,,Astrid,MECT,,,,,,,,,,,,,,,,,,,,,,,,,,,,,
T056,,,,,,B,1,1,0,1,1,1,1,1,1,,,,,,,,,,,,,,,,,,,,,,,,,,,,,,,,,,,,,,,,,,
T056,,,,,,C,1,1,0,1,1,1,1,1,1,,,,,,,,,,,,,,,,,,,,,,,,,,,,,,,,,,,,,,,,,,
T056,,,,,,D,1,1,0,1,1,1,1,1,1,,,,,,,,,,,,,,,,,,,,,,,,,,,,,,,,,,,,,,,,,,
T057,T57,B3,HELICOIDAL,1,0,A,1,1,1,1,1,1,1,1,1,,,,,,,,,,,,,,,,,,,,,,,,,,,,,,,,,,,,,,,,,,
T057,,,,,,B,1,1,1,1,1,1,1,1,1,,,,,,,,,,,,,,,,,,,,,,,,,,,,,,,,,,,,,,,,,,
T057,,,,,,C,1,1,1,1,1,1,1,1,1,,,,,,,,,,,,,,,,,,,,,,,,,,,,,,,,,,,,,,,,,,
T057,,,,,,D,1,1,1,1,1,1,1,1,1,,,,,,,,,,,,,,,,,,,,,,,,,,,,,,,,,,,,,,,,,,
T058,T58,B3,ZAPATA,1,0,A,1,1,0,1,1,1,1,1,1,,,,,,,,,,,,,,,,,,,,,,,,,,,,,,,,,,,,,,,,,,
T058,,,,,,B,1,1,0,1,1,1,1,1,1,,,,,,,,,,,,,,,,,,,,,,,,,,,,,,,,,,,,,,,,,,
T058,,,,,,C,1,1,0,1,1,1,1,1,1,,,,,,,,,,,,,,,,,,,,,,,,,,,,,,,,,,,,,,,,,,
T058,,,,,,D,1,1,0,1,1,1,1,1,1,,,,,,,,,,,,,,,,,,,,,,,,,,,,,,,,,,,,,,,,,,
T059,T59,B2,ZAPATA,1,0,A,1,1,0,1,1,1,1,1,1,,,,,,,,,,,,,JULIO,,,,,,,,,,,,,,,,,,,,,,,,,,,,,
T059,,,,,,B,1,1,0,1,1,1,1,1,1,,,,,,,,,,,,,,,,,,,,,,,,,,,,,,,,,,,,,,,,,,
T059,,,,,,C,1,1,0,1,1,1,1,1,1,,,,,,,,,,,,,,,,,,,,,,,,,,,,,,,,,,,,,,,,,,
T059,,,,,,D,1,1,0,1,1,1,1,1,1,,,,,,,,,,,,,,,,,,,,,,,,,,,,,,,,,,,,,,,,,,
T060,T60,A7,ZAPATA,1,0,A,1,1,0,1,1,1,1,1,1,1,,,,,,,,,,,,ANGEL,,,,,,,,,,,,,,,,,,,,,,,,,,,,,
T060,,,,,,B,1,1,0,1,1,1,1,1,1,,,,,,,,,,,,,,,,,,,,,,,,,,,,,,,,,,,,,,,,,,
T060,,,,,,C,1,1,0,1,1,1,1,1,1,,,,,,,,,,,,,,,,,,,,,,,,,,,,,,,,,,,,,,,,,,
T060,,,,,,D,1,1,0,1,1,1,1,1,1,,,,,,,,,,,,,,,,,,,,,,,,,,,,,,,,,,,,,,,,,,
T061,T61,A 60M,ZAPATA,1,0,A,1,1,0,1,1,1,1,1,1,,,,,,,,,,,,,,,,,,,,,,,,,,,,,,,,,,,,,,,,,,
T061,,,,,,B,1,1,0,1,1,1,1,1,1,,,,,,,,,,,,,,,,,,,,,,,,,,,,,,,,,,,,,,,,,,
T061,,,,,,C,1,1,0,1,1,1,1,1,1,,,,,,,,,,,,,,,,,,,,,,,,,,,,,,,,,,,,,,,,,,
T061,,,,,,D,1,1,0,1,1,1,1,1,1,,,,,,,,,,,,,,,,,,,,,,,,,,,,,,,,,,,,,,,,,,
T062,T62,B5,HELICOIDAL,1,0,A,1,1,1,1,1,1,1,1,1,,,,,,,,,,,,,,,,,,,,,,,,,,,,,,,,,,,,,,,,,,
T062,,,,,,B,1,1,1,1,1,1,1,1,1,,,,,,,,,,,,,,,,,,,,,,,,,,,,,,,,,,,,,,,,,,
T062,,,,,,C,1,1,1,1,1,1,1,1,1,,,,,,,,,,,,,,,,,,,,,,,,,,,,,,,,,,,,,,,,,,
T062,,,,,,D,1,1,1,1,1,1,1,1,1,,,,,,,,,,,,,,,,,,,,,,,,,,,,,,,,,,,,,,,,,,
T063,T63,AE,HELICOIDAL,1,0,A,1,1,1,1,1,1,1,1,1,,,,,,,,,,,,,,,,,,,,,,,,,,,,,,,,,,,,,,,,,,
T063,,,,,,B,1,1,1,1,1,1,1,1,1,,,,,,,,,,,,,,,,,,,,,,,,,,,,,,,,,,,,,,,,,,
T063,,,,,,C,1,1,1,1,1,1,1,1,1,,,,,,,,,,,,,,,,,,,,,,,,,,,,,,,,,,,,,,,,,,
T063,,,,,,D,1,1,1,1,1,1,1,1,1,,,,,,,,,,,,,,,,,,,,,,,,,,,,,,,,,,,,,,,,,,
T064,T64,AE,HELICOIDAL,1,0,A,1,1,1,1,1,1,1,1,1,,,,,,,,,,,,,CRUZ,,,,,,,,,,,,,,,,,,,,,,,,,,,,,
T064,,,,,,B,1,1,1,1,1,1,1,1,1,,,,,,,,,,,,,,,,,,,,,,,,,,,,,,,,,,,,,,,,,,
T064,,,,,,C,1,1,1,1,1,1,1,1,1,,,,,,,,,,,,,,,,,,,,,,,,,,,,,,,,,,,,,,,,,,
T064,,,,,,D,1,1,1,1,1,1,1,1,1,,,,,,,,,,,,,,,,,,,,,,,,,,,,,,,,,,,,,,,,,,
T065,T65,D,HELICOIDAL,1,1,A,1,1,1,1,1,1,1,1,1,,,,,,,,,,,,,,,,,,,,,,,,,,,,,,,,,,,,,,,,,,
T065,,,,,,B,1,1,1,1,1,1,1,1,1,,,,,,,,,,,,,,,,,,,,,,,,,,,,,,,,,,,,,,,,,,
T065,,,,,,C,1,1,1,1,1,1,1,1,1,,,,,,,,,,,,,,,,,,,,,,,,,,,,,,,,,,,,,,,,,,
T065,,,,,,D,1,1,1,1,1,1,1,1,1,,,,,,,,,,,,,,,,,,,,,,,,,,,,,,,,,,,,,,,,,,
,4. MONTAJE,,,,,,,,,,,,,,,,,,,,,,,,,,,,,,,,,,,,,,,,,,,,,,,,,,,,,,,,
Encabezado,No TORRE,TIPO,SELECCIÓN Y CLASIFICACIÓN,,,TRANSPORTE ESTRUCTURA,,PREARMADO,,MONTAJE,,REVISIÓN,VERTICALIDAD Y TORSIÓN,ENTREGA A HMV-WSP,,,OBSERVACIONES EJECUTADO ,,,,DESCRIPCIÓN PROGRAMADO,,,,2026-02-02 00:00:00,OBSERVACIONES,EJECUTADO,PROGRAMADO,,,,,,,,,,,,,,,,,,,,,,,,,,,,,
T001-m,T01,D6,1,,,1,,1,,1,,1,OK,1,,,,,,,,,,,,,,TORO,,,,,,,,,,,,,,,,,,,,,,,,,,,,,
T002-m,T2,B4,1,,,1,,1,,1,,1,OK,1,,,,,,,,,,,,,,,,,,,,,,,,,,,,,,,,,,,,,,,,,,,
T003-m,T3,B4,1,,,1,,1,,1,,1,OK,1,,,,,,,,,,,,,,TORO,,,,,,,,,,,,,,,,,,,,,,,,,,,,,
T004-m,T4,D4,1,,,1,,1,,1,,1,OK,1,,,,,,,,,,,,,,HIGITA,,,,,,,,,,,,,,,,,,,,,,,,,,,,,
T005-m,T5,B5,1,,,1,,1,,1,,1,OK,1,,,,,,,,,,,,,,HIGUITA,,,,,,,,,,,,,,,,,,,,,,,,,,,,,
T006-m,T6,C5,1,,,1,,1,,1,,1,OK,1,,,,,,,,,,,,,,HIGITA,,,,,,,,,,,,,,,,,,,,,,,,,,,,,
T007-m,T7,B5,1,,,1,,1,,1,,1,OK,1,,,,,,,,,,,,,,HIGIUITA,,,,,,,,,,,,,,,,,,,,,,,,,,,,,
T008-m,T8,B6,1,,,1,,1,,1,,1,OK,1,,,,,,,,,,,,,,HIGUITA,,,,,,,,,,,,,,,,,,,,,,,,,,,,,
T009-m,T9,B4,1,,,1,,1,,1,,1,OK,1,,,,,,,,,,,,,,HIGUITA,,,,,,,,,,,,,,,,,,,,,,,,,,,,,
T010-m,T10,B3,1,,,1,,1,,1,,1,OK,1,,,,,,,,,,,,,,HIGUITA,,,,,,,,,,,,,,,,,,,,,,,,,,,,,
T011-m,T11,C5,1,,,1,,1,,1,,1,OK,1,,,,,,,,,,,,,,HCRUZ,,,,,,,,,,,,,,,,,,,,,,,,,,,,,
T012-m,T12,B7,1,,,1,,1,,1,,1,OK,1,,,,,,,,,,,,,,CRUZ,,,,,,,,,,,,,,,,,,,,,,,,,,,,,
T013-m,T13,C2,1,,,1,,1,,1,,1,OK,1,,,,,,,,,,,,,,CRUZ,,,,,,,,,,,,,,,,,,,,,,,,,,,,,
T014-m,T14,B4,1,,,1,,1,,1,,1,OK,1,,,,,,,,,,,,,,CRUZ,,,,,,,,,,,,,,,,,,,,,,,,,,,,,
T015-m,T15,A7,1,,,1,,1,,1,,1,OK,1,,,,,,,,,,,,,,CXT,,,,,,,,,,,,,,,,,,,,,,,,,,,,,
T016-m,T16,A5,1,,,1,,1,,1,,1,OK,1,,,,,,,,,,,,,,,,,,,,,,,,,,,,,,,,,,,,,,,,,,,
T017-m,T17,A3,1,,,1,,1,,1,,1,OK,1,,,,,,,,,,,,,,Cruz,,,,,,,,,,,,,,,,,,,,,,,,,,,,,
T018-m,T18,B2,1,,,1,,1,,1,,1,OK,1,,,,,,,,,,,,,,CXT,,,,,,,,,,,,,,,,,,,,,,,,,,,,,
T019-m,T19,A5,1,,,1,,1,,1,,1,OK,1,,,,,,,,,,,,,,CRUZ,,,,,,,,,,,,,,,,,,,,,,,,,,,,,
T020-m,T20,A6,1,,,1,,1,,1,,1,OK,1,,,,,,,,,,,,,,HIGUITA,,,,,,,,,,,,,,,,,,,,,,,,,,,,,
T021-m,T21,B1,1,,,1,,1,,1,,1,OK,1,,,,,,,,,,,,,,CXT,,,,,,,,,,,,,,,,,,,,,,,,,,,,,
T022-m,T22,B6,1,,,1,,1,,1,,1,OK,1,,,,,,,,,,,,,,,,,,,,,,,,,,,,,,,,,,,,,,,,,,,
T023-m,T23,B6,1,,,1,,1,,1,,1,OK,1,,,,,,,,,,,,,,CXT,,,,,,,,,,,,,,,,,,,,,,,,,,,,,
T024-m,T24,B7,1,,,1,,1,,1,,1,OK,1,,,,,,,,,,,,,,CXT,,,,,,,,,,,,,,,,,,,,,,,,,,,,,
T025-m,T25,A3,,,,#N/A,,#N/A,,#N/A,,,,#N/A,,,,,,,,,,,,,,,,,,,,,,,,,,,,,,,,,,,,,,,,,,,
T026-m,T26,B3,1,,,1,,1,,1,,1,OK,1,,,,,,,,,,,,,,CXT,,,,,,,,,,,,,,,,,,,,,,,,,,,,,
T027-m,T27,A6,1,,,1,,1,,1,,1,OK,1,,,,,,,,,,,,,,HIGUITA,,,,,,,,,,,,,,,,,,,,,,,,,,,,,
T028-m,T28,B5,1,,,1,,1,,1,,1,OK,1,,,,,,,,,,,,,,CRUZ,,,,,,,,,,,,,,,,,,,,,,,,,,,,,
T029-m,T29,C4,1,,,1,,1,,1,,1,OK,1,,,,,,,,,,,,,,INSTELEC/CRUZ,,,,,,,,,,,,,,,,,,,,,,,,,,,,,
T030-m,T30,B5,1,,,1,,1,,1,,1,OK,1,,,,,,,,,,,,,,CRUZ,,,,,,,,,,,,,,,,,,,,,,,,,,,,,
T031-m,T31,A7,1,,,1,,1,,1,,1,OK,1,,,,,,,,,,,,,,HIGUITA,,,,,,,,,,,,,,,,,,,,,,,,,,,,,
T032-m,T32,A6,1,,,1,,1,,1,,1,OK,1,,,,,,,,,,,,,,HIGUITA,,,,,,,,,,,,,,,,,,,,,,,,,,,,,
T033-m,T33,B6,1,,,1,,1,,1,,1,OK,1,,,,,,,,,,,,,,CRUZ,,,,,,,,,,,,,,,,,,,,,,,,,,,,,
T034-m,T34,B4,1,,,1,,1,,1,,1,OK,1,,,,,,,,,,,,,,CRUZ,,,,,,,,,,,,,,,,,,,,,,,,,,,,,
T035-m,T35,B4,1,,,1,,1,,1,,1,OK,1,,,,,,,,,,,,,,CRUZ,,,,,,,,,,,,,,,,,,,,,,,,,,,,,
T036-m,T36,D2,1,,,1,,1,,1,,1,OK,1,,,,,,,,,,,,,,,,,,,,,,,,,,,,,,,,,,,,,,,,,,,
T037-m,T37,C2,1,,,1,,1,,1,,1,OK,1,,,,,,,,,,,,,,HCRUZ,,,,,,,,,,,,,,,,,,,,,,,,,,,,,
T038-m,T38,A3,1,,,1,,1,,1,,1,OK,1,,,,,,,,,,,,,,HIGUITA,,,,,,,,,,,,,,,,,,,,,,,,,,,,,
T039-m,T39,A3,1,,,1,,1,,1,,1,OK,1,,,,,,,,,,,,,,HCRUZ,,,,,,,,,,,,,,,,,,,,,,,,,,,,,
T040-m,T40,A4,1,,,1,,1,,1,,1,OK,1,,,,,,,,,,,,,,HCRUZ,,,,,,,,,,,,,,,,,,,,,,,,,,,,,
T041-m,T41,A4,1,,,1,,1,,1,,1,OK,1,,,,,,,,,,,,,,HCRUZ,,,,,,,,,,,,,,,,,,,,,,,,,,,,,
T042-m,T42,A3,1,,,1,,1,,1,,1,OK,1,,,,,,,,,,,,,,INSTELEC,,,,,,,,,,,,,,,,,,,,,,,,,,,,,
T043-m,T43,D5,1,,,1,,1,,1,,1,OK,1,,,,,,,,,,,,,,HIGUITA,,,,,,,,,,,,,,,,,,,,,,,,,,,,,
T044-m,T44,D5,1,,,1,,1,,1,,1,OK,1,,,,,,,,,,,,,,HIGUITA,,,,,,,,,,,,,,,,,,,,,,,,,,,,,
T045-m,T45,B7,1,,,1,,1,,1,,1,OK,1,,,,,,,,,,,,,,HIGUITA,,,,,,,,,,,,,,,,,,,,,,,,,,,,,
T046-m,T46,A7,1,,,1,,1,,1,,1,OK,1,,,,,,,,,,,,,,HIGUITA,,,,,,,,,,,,,,,,,,,,,,,,,,,,,
T047-m,T47,B7,1,,,1,,1,,1,,1,OK,1,,,,,,,,,,,,,,Cruz,,,,,,,,,,,,,,,,,,,,,,,,,,,,,
T048-m,T48,C5,1,,,1,,1,,1,,1,OK,1,,,,,,,,,,,,,,CXT,,,,,,,,,,,,,,,,,,,,,,,,,,,,,
T049-m,T49,C5,1,,,1,,1,,1,,1,OK,1,,,,,,,,,,,,,,TORO,,,,,,,,,,,,,,,,,,,,,,,,,,,,,
T050-m,T50,C5,1,,,1,,1,,1,,1,OK,1,,,,,,,,,,,,,,HIGUITA,,,,,,,,,,,,,,,,,,,,,,,,,,,,,
T051-m,T51,B6,1,,,1,,1,,1,,1,OK,1,,,,,,,,,,,,,,,,,,,,,,,,,,,,,,,,,,,,,,,,,,,
T052-m,T52,B6,1,,,1,,1,,1,,1,OK,1,,,,,,,,,,,,,,,,,,,,,,,,,,,,,,,,,,,,,,,,,,,
T053-m,T53,B7,1,,,1,,1,,1,,1,OK,1,,,,,,,,,,,,,,HIGUITA,,,,,,,,,,,,,,,,,,,,,,,,,,,,,
T054-m,T54,B4,1,,,1,,1,,1,,1,OK,1,,,,,,,,,,,,,,HIGUITA,,,,,,,,,,,,,,,,,,,,,,,,,,,,,
T055-m,T55,A4,1,,,1,,1,,1,,1,OK,1,,,,,,,,,,,,,,,,,,,,,,,,,,,,,,,,,,,,,,,,,,,
T056-m,T56,A4,1,,,1,,1,,1,,1,OK,1,,,,,,,,,,,,,,,,,,,,,,,,,,,,,,,,,,,,,,,,,,,
T057-m,T57,B3,1,,,1,,1,,1,,1,OK,1,,,,,,,,,,,,,,HIGUITA,,,,,,,,,,,,,,,,,,,,,,,,,,,,,
T058-m,T58,B3,1,,,1,,1,,1,,1,OK,1,,,,,,,,,,,,,,HIGUITA,,,,,,,,,,,,,,,,,,,,,,,,,,,,,
T059-m,T59,B2,1,,,1,,1,,1,,1,OK,1,,,,,,,,,,,,,,,,,,,,,,,,,,,,,,,,,,,,,,,,,,,
T060-m,T60,A7,1,,,1,,1,,1,,1,OK,1,,,,,,,,,,,,,,HIGUITA,,,,,,,,,,,,,,,,,,,,,,,,,,,,,
T061-m,T61,A60M,1,,,1,,1,,1,,1,OK,1,,,,,,,,,,,,,,,,,,,,,,,,,,,,,,,,,,,,,,,,,,,
T062-m,T62,B5,1,,,1,,1,,1,,1,OK,1,,,,,,,,,,,,,,,,,,,,,,,,,,,,,,,,,,,,,,,,,,,
T063-m,T63,AE,1,,,1,,1,,1,,1,OK,1,,,"
* FRANJA UNO (1) CUPULA.
- PRIMERA APLICACIÓN SIKACOR-60                (4.76%).
- SUGUNDA APLICACIÓN SIKACOR-60                (4.76%).
- ESMALTE URETANO NARANJA                             (4.76%)      14.28%

* FRANJA DOS (2) CUERPO COMUN.
- PRIMERA APLICACIÓN SIKACOR-60                 (4.76%).
- SUGUNDA APLICACIÓN SIKACOR-60                 (4.76%).
- ESMALTE URETANO BLANCO                                  (4.76%).        14.28%

* FRANJA TRES (3).
- PRIMERA APLICACIÓN SIKACOR-60                  (4.76%).
- SUGUNDA APLICACIÓN SIKACOR-60                  (4.76%).
- ESMALTE URETANO NARANJA                               (4.76%).       14.28%

* FRANJA CUATRO (4).
- PRIMERA APLICACIÓN SIKACOR-60                  (4.76%).
- SUGUNDA APLICACIÓN SIKACOR-60                 (4.76%).
- ESMALTE URETANO BLANCO                                  (4.76%).           14.28%

* FRANJA CINCO (5).
- PRIMERA APLICACIÓN SIKACOR-60                 (4,78%).
- SUGUNDA APLICACIÓN SIKACOR-60                (4.78%).
- ESMALTE URETANO NARANJA                              (4.78%).           14.28%

* FRANJA SEIS (6).
- PRIMERA APLICACIÓN SIKACOR-60                  (4.78%).
- SUGUNDA APLICACIÓN SIKACOR-60                 (4.78%).
- ESMALTE URETANO BANCO                                     (4.78%)      14.28%.

* FRANJA SIETE (7) EXTENSIONES.
- PRIMERA APLICACIÓN SIKACOR-60                 (4,78.0%).
- SUGUNDA APLICACIÓN SIKACOR-60                (4.78%).
- ESMALTE URETANO NARANJA                             (4.78%).       14.28%

                                              AVANCE GENERAL.     100%
",,,,Pintura de franja 5,,,,,,,,,<<<<<<<<<,,,,,,,,,,,,,,,,,,,,,,,,,,,
T064-m,T64,AE,1,,,1,,1,,1,,1,OK,1,,,"* FRANJA UNO (1) CUPULA.
- PRIMERA APLICACIÓN SIKACOR-60                (4.76%).
- SEUNDA APLICACIÓN SIKACOR-60                (4.76%).
- ESMALTE URETANO NARANJA                             (4.76%)      14.28%

* FRANJA DOS (2) CUERPO COMUN.
- PRIMERA APLICACIÓN SIKACOR-60                 (4.76%).
- SEGUNDA APLICACIÓN SIKACOR-60                 (4.76%).
- ESMALTE URETANO BLANCO                                 (4.76%).        14.28%

* FRANJA TRES (3).
- PRIMERA APLICACIÓN SIKACOR-60                  (4.76%).
- SEGUNDA APLICACIÓN SIKACOR-60                  (4.76%).
- ESMALTE URETANO NARANJA                               (4.76%).       14.28%

* FRANJA CUATRO (4).
- PRIMERA APLICACIÓN SIKACOR-60                  (4.76%).
- SEGUNDA APLICACIÓN SIKACOR-60                 (4.76%).
- ESMALTE URETANO BLANCO                                  (4.76%).       14.28%

* FRANJA CINCO (5).
- PRIMERA APLICACIÓN SIKACOR-60                 (2.38%).
- SEGUNDA APLICACIÓN SIKACOR-60                (2.38%).
- ESMALTE URETANO NARANJA                              (2.38%).       7.14%


* FRANJA SEIS (6).
- PRIMERA APLICACIÓN SIKACOR-60                  (0.0%).
- SEGUNDA APLICACIÓN SIKACOR-60                 (0.0%).
- ESMALTE URETANO BANCO                                     (0.0%)      0.00%.


* FRANJA SIETE (7) EXTENSIONES.
- PRIMERA APLICACIÓN SIKACOR-60                 (0.0%).
- SEGUNDA APLICACIÓN SIKACOR-60                (0.0%).
- ESMALTE URETANO NARANJA                             (0.0%).       0.00%

                                              AVANCE GENERAL.     64.26%

FRANJA 5 - APLICACION  ESMALTE NARANJA ",,,,PERSONAL PCM SUMINISTRADO A HMV PARA PINTURA AERONAUTICA EN TORRES T15 A T24.,,,,,- FECHA INIICIO ACTIVIDADES 20/10/25,,CRUZ,,,,,,,,,,,,,,,,,,,,,,,,,,,,,
T065-m,T65,D,1,,,1,,1,,1,,1,OK,1,,,,,,,,,,,,,,CRUZ,,,,,,,,,,,,,,,,,,,,,,,,,,,,,
,T64,AE,,,,#N/A,,#N/A,,#N/A,,#N/A,#N/A,#N/A,,,"
* FRANJA UNO (1) CUPULA.
- PRIMERA APLICACIÓN SIKACOR-60                (4.76%).
- SUGUNDA APLICACIÓN SIKACOR-60                (4.76%).
- ESMALTE URETANO NARANJA                             (4.76%)      14.28%

* FRANJA DOS (2) CUERPO COMUN.
- PRIMERA APLICACIÓN SIKACOR-60                 (4.76%).
- SUGUNDA APLICACIÓN SIKACOR-60                 (4.76%).
- ESMALTE URETANO BLANCO                                  (4.76%).        14.28%

* FRANJA TRES (3).
- PRIMERA APLICACIÓN SIKACOR-60                  (4.76%).
- SUGUNDA APLICACIÓN SIKACOR-60                  (4.76%).
- ESMALTE URETANO NARANJA                               (4.76%).       14.28%

* FRANJA CUATRO (4).
- PRIMERA APLICACIÓN SIKACOR-60                  (4.76%).
- SUGUNDA APLICACIÓN SIKACOR-60                 (4.76%).
- ESMALTE URETANO BLANCO                                  (4,76%).           14.28%

* FRANJA CINCO (5).
- PRIMERA APLICACIÓN SIKACOR-60                 (4,76%).
- SUGUNDA APLICACIÓN SIKACOR-60                (4.76%).
- ESMALTE URETANO NARANJA                              (4.76%).           14.28%

* FRANJA SEIS (6).
- PRIMERA APLICACIÓN SIKACOR-60                  (4.76%).
- SUGUNDA APLICACIÓN SIKACOR-60                 (4.76%).
- ESMALTE URETANO BANCO                                     (4.76%)      14.28%.

* FRANJA SIETE (7) EXTENSIONES.                     (4,76%)
- PRIMERA APLICACIÓN SIKACOR-60                 (4.76%).
- SUGUNDA APLICACIÓN SIKACOR-60                (4.76%).
- ESMALTE URETANO NARANJA                             (4.76%).       14.28%

                                              AVANCE GENERAL.     100%
",,,,,,,,,,,,,,,,,,,,,,,,,,,,,,,,,,,,,,,,
,,,,,,,,,,,,,,,,,,,,,,,,,,,,HIGUITA,,,,,,,,,,,,,,,,,,,,,,,,,,,,,
,CONSOLIDADO,,64,,,64,,64,,64,,64,,64,,0,,,,,,,,,,,,,,,,,,,,,,,,,,,,,,,,,,,,,,,,,
,,,,,,,,,,,,,,,,,,,,,,,,,,,,,,,,,,,,,,,,,,,,,,,,,,,,,,,,,
,5. OBRAS DE PROTECCIÓN,,,,,,,,,,,,,,,,,,,,,,,,,"OBSERVACIONES 
CONTROL DE OBRA",EJECUTADO,PROGRAMADO,,,,,,,,,,,,,,,,,,,,,,,,,,,,,
,No TORRE,TIPO,CIMENTACIÓN,PATA,TRINCHO,,CUNETA,FILTRO,GAVIONES,DESCRIPCIÓN,,,,,,,DESCRIPCIÓN PROGRAMADO,,,2026-02-02 00:00:00,OBSERVACIONES EJECUTADO,,,,,,,,,,,,,,,,,,,,,,,,,,,,,,,,,,,,
,T001,D6,HELICOIDALES,,,,,,,,,,,,,,,,,,,,,,,,,,,,,,,,,,,,,,,,,,,,,,,,,,,,,,
,T002,B4,ZAPATA,,,,,,,No se requiere ,,,,,,,,,,,,,,,,,,,,,,,,,,,,,,,,,,,,,,,,,,,,,,,
,T003,B4,HELICOIDALES,,,,,,,,,,,,,,,,,,,,,,,,,,,,,,,,,,,,,,,,,,,,,,,,,,,,,,
,T004,D4,HELICOIDALES,,,,,,,,,,,,,,,,,,,,,,,,,,,,,,,,,,,,,,,,,,,,,,,,,,,,,,
,T005,B5,HELICOIDALES,,,,,,,,,,,,,,,,,,,,,,,,,,,,,,,,,,,,,,,,,,,,,,,,,,,,,,
,T006,C5,HELICOIDALES,,,,,,,,,,,,,,,,,,,,,,,,,,,,,,,,,,,,,,,,,,,,,,,,,,,,,,
,T007,B5,HELICOIDALES,,,,,,,,,,,,,,,,,,,,,,,,,,,,,,,,,,,,,,,,,,,,,,,,,,,,,,
,T008,B6,HELICOIDALES,,,,,,,,,,,,,,,,,,,,,,,,,,,,,,,,,,,,,,,,,,,,,,,,,,,,,,
,T009,B4,HELICOIDALES,,,,,,,,,,,,,,,,,,,,,,,,,,,,,,,,,,,,,,,,,,,,,,,,,,,,,,
,T010,B3,HELICOIDALES,,,,,,,,,,,,,,,,,,,,,,,,,,,,,,,,,,,,,,,,,,,,,,,,,,,,,,
,T011,C5,ZAPATA,,,,,,,,,,,,,,,,,,,,,,,,,,,,,,,,,,,,,,,,,,,,,,,,,,,,,,
,T012,B7,ZAPATA,,,,,,,,,,,,,,,,,,,,,,,,,,,,,,,,,,,,,,,,,,,,,,,,,,,,,,
,T013,C2,HELICOIDALES,,,,,,,,,,,,,,,,,,,,,,,,,,,,,,,,,,,,,,,,,,,,,,,,,,,,,,
,T014,B4,ZAPATA,,,,,,,,,,,,,,,,,,,,,,,,,,,,,,,,,,,,,,,,,,,,,,,,,,,,,,
,T015,A7,ZAPATA,,,,,,,,,,,,,,,,,,,,,,,,,,,,,,,,,,,,,,,,,,,,,,,,,,,,,,
,T016,A5,HELICOIDALES,,,,,,,,,,,,,,,,,,,,,,,,,,,,,,,,,,,,,,,,,,,,,,,,,,,,,,
,T017,A3,ZAPATA,,,,,,,,,,,,,,,,,,,,,,,,,,,,,,,,,,,,,,,,,,,,,,,,,,,,,,
,T018,B2,ZAPATA,,,,,,,,,,,,,,,,,,,,,,,,,,,,,,,,,,,,,,,,,,,,,,,,,,,,,,
,T019,A5,ZAPATA,,,,,,,,,,,,,,,,,,,,,,,,,,,,,,,,,,,,,,,,,,,,,,,,,,,,,,
,T020,A6,HELICOIDALES,,,,,,,,,,,,,,,,,,,,,,,,,,,,,,,,,,,,,,,,,,,,,,,,,,,,,,
,T021,B1,HELICOIDALES,,,,,,,,,,,,,,,,,,,,,,,,,,,,,,,,,,,,,,,,,,,,,,,,,,,,,,
,T022,B6,HELICOIDALES,,,,,,,,,,,,,,,,,,,,,,,,,,,,,,,,,,,,,,,,,,,,,,,,,,,,,,
,T023,B6,HELICOIDALES,,,,,,,,,,,,,,,,,,,,,,,,,,,,,,,,,,,,,,,,,,,,,,,,,,,,,,
,T024,B7,HELICOIDALES,,,,,,,,,,,,,,,,,,,,,,,,,,,,,,,,,,,,,,,,,,,,,,,,,,,,,,
,T025,A3,HELICOIDALES,,,,,,,,,,,,,,,,,,,,,,,,,,,,,,,,,,,,,,,,,,,,,,,,,,,,,,
,T026,B3,HELICOIDALES,,,,,,,,,,,,,,,,,,,,,,,,,,,,,,,,,,,,,,,,,,,,,,,,,,,,,,
,T027,A6,HELICOIDALES,,,,,,,,,,,,,,,,,,,,,,,,,,,,,,,,,,,,,,,,,,,,,,,,,,,,,,
,T028,B5,HELICOIDALES,,,,,,,,,,,,,,,,,,,,,,,,,,,,,,,,,,,,,,,,,,,,,,,,,,,,,,
,T029,C4,ZAPATA,,,,,,,,,,,,,,,,,,,,,,,,,,,,,,,,,,,,,,,,,,,,,,,,,,,,,,
,T030,B5,HELICOIDALES,,,,,,,,,,,,,,,,,,,,,,,,,,,,,,,,,,,,,,,,,,,,,,,,,,,,,,
,T031,A7,HELICOIDALES,,,,,,,,,,,,,,,,,,,,,,,,,,,,,,,,,,,,,,,,,,,,,,,,,,,,,,
,T032,A6,HELICOIDALES,,,,,,,,,,,,,,,,,,,,,,,,,,,,,,,,,,,,,,,,,,,,,,,,,,,,,,
,T033,B6,ZAPATA,,,,,,,,,,,,,,,,,,,,,,,,,,,,,,,,,,,,,,,,,,,,,,,,,,,,,,
,T034,B4,ZAPATA,,,,,,,,,,,,,,,,,,,,,,,,,,,,,,,,,,,,,,,,,,,,,,,,,,,,,,
,T035,B4,HELICOIDALES,,,,,,,,,,,,,,,,,,,,,,,,,,,,,,,,,,,,,,,,,,,,,,,,,,,,,,
,T036,D2,HELICOIDALES,,,,,,,,,,,,,,,,,,,,,,,,,,,,,,,,,,,,,,,,,,,,,,,,,,,,,,
,T037,C2,HELICOIDALES,,,,,,,,,,,,,,,,,,,,,,,,,,,,,,,,,,,,,,,,,,,,,,,,,,,,,,
,T038,A3,HELICOIDALES,,,,,,,,,,,,,,,,,,,,,,,,,,,,,,,,,,,,,,,,,,,,,,,,,,,,,,
,T039,A3,HELICOIDALES,,,,,,,,,,,,,,,,,,,,,,,,,,,,,,,,,,,,,,,,,,,,,,,,,,,,,,
,T040,A4,HELICOIDALES,,,,,,,,,,,,,,,,,,,,,,,,,,,,,,,,,,,,,,,,,,,,,,,,,,,,,,
,T041,A4,HELICOIDALES,,,,,,,,,,,,,,,,,,,,,,,,,,,,,,,,,,,,,,,,,,,,,,,,,,,,,,
,T042,A3,ZAPATA,,,,,,,,,,,,,,,,,,,,,,,,,,,,,,,,,,,,,,,,,,,,,,,,,,,,,,
,T043,D5,ZAPATA,,,,,,,,,,,,,,,,,,,,,,,,,,,,,,,,,,,,,,,,,,,,,,,,,,,,,,
,T044,D5,ZAPATA,,,,,,,,,,,,,,,,,,,,,,,,,,,,,,,,,,,,,,,,,,,,,,,,,,,,,,
,T045,B7,HELICOIDALES,,,,,,,,,,,,,,,,,,,,,,,,,,,,,,,,,,,,,,,,,,,,,,,,,,,,,,
,T046,A7,HELICOIDALES,,,,,,,,,,,,,,,,,,,,,,,,,,,,,,,,,,,,,,,,,,,,,,,,,,,,,,
,T047,B7,ZAPATA,,,,,,,,,,,,,,,,,,,,,,,,,,,,,,,,,,,,,,,,,,,,,,,,,,,,,,
,T048,C5,ZAPATA,,,,,,,,,,,,,,,,,,,,,,,,,,,,,,,,,,,,,,,,,,,,,,,,,,,,,,
,T049,C5,ZAPATA,,,,,,,,,,,,,,,,,,,,,,,,,,,,,,,,,,,,,,,,,,,,,,,,,,,,,,
,T050,C5,ZAPATA,,,,,,,,,,,,,,,,,,,,,,,,,,,,,,,,,,,,,,,,,,,,,,,,,,,,,,
,T051,B6,ZAPATA,,,,,,,,,,,,,,,,,,,,,,,,,,,,,,,,,,,,,,,,,,,,,,,,,,,,,,
,T052,B6,ZAPATA,,,,,,,,,,,,,,,,,,,,,,,,,,,,,,,,,,,,,,,,,,,,,,,,,,,,,,
,T053,B7,ZAPATA,,,,,,,,,,,,,,,,,,,,,,,,,,,,,,,,,,,,,,,,,,,,,,,,,,,,,,
,T054,B4,ZAPATA,,,,,,,,,,,,,,,,,,,,,,,,,,,,,,,,,,,,,,,,,,,,,,,,,,,,,,
,T055,A4,ZAPATA,,,,,,,,,,,,,,,,,,,,,,,,,,,,,,,,,,,,,,,,,,,,,,,,,,,,,,
,T056,A4,ZAPATA,,,,,,,,,,,,,,,,,,,,,,,,,,,,,,,,,,,,,,,,,,,,,,,,,,,,,,
,T057,B3,HELICOIDALES,,,,,,,,,,,,,,,,,,,,,,,,,,,,,,,,,,,,,,,,,,,,,,,,,,,,,,
,T058,B3,ZAPATA,,,,,,,,,,,,,,,,,,,,,,,,,,,,,,,,,,,,,,,,,,,,,,,,,,,,,,
,T059,B2,ZAPATA,,,,,,,,,,,,,,,,,,,,,,,,,,,,,,,,,,,,,,,,,,,,,,,,,,,,,,
,T060,A7,ZAPATA,,,,,,,,,,,,,,,,,,,,,,,,,,,,,,,,,,,,,,,,,,,,,,,,,,,,,,
,T061,A60M,ZAPATA,,,,,,,,,,,,,,,,,,,,,,,,,,,,,,,,,,,,,,,,,,,,,,,,,,,,,,
,T062,B5,HELICOIDALES,,,,,,,,,,,,,,,,,,,,,,,,,,,,,,,,,,,,,,,,,,,,,,,,,,,,,,
,T063,AE,HELICOIDALES,,,,,,,,,,,,,,,,,,,,,,,,,,,,,,,,,,,,,,,,,,,,,,,,,,,,,,
,T064,AE,HELICOIDALES,,,,,,,,,,,,,,,,,,,,,,,,,,,,,,,,,,,,,,,,,,,,,,,,,,,,,,
,T065,D,HELICOIDALES,,,,,,,,,,,,,,,,,,,,,,,,,,,,,,,,,,,,,,,,,,,,,,,,,,,,,,
,,,,,,,,,,,,,,,,,,,,,,,,,,,,,,,,,,,,,,,,,,,,,,,,,,,,,,,,,
,6. TENDIDO,,,,,,,,,,,,,,,,,,,,,,,,,,,,,,,,,,,,,,,,,,,,,,,,,,,,,,,,
,6.1 CONDUCTOR,,,,,,,,,,,,,,,,,,,,,,,,,"OBSERVACIONES 
",EJECUTADO,PROGRAMADO,,,,,,,,,,,,,,,,,,,,,,,,,,,,,
,TORRE,TIPO,MONTADA,ENTREGADA,VANO,VESTIDA,RIEGA MANILA,RIEGA GUAYA,TENDIDO,"AMARRE, GRAPADO",SEPARADORES N/A,PUENTE, ACCES. /  PLACAS,ENTREGA ELECTROMECANICA,ENTREGA O.C ,TIRO,OBSERVACIONES EJECUTADO,,,,DESCRIPCIÓN PROGRAMADO,,,,2026-02-02 00:00:00,,,,,,,,,,,,,,,,,,,,,,,,,,,,,,,,
,PORTICO,,,,54.89,1,1,1,1,1,,,,1,,TEND 4,,,,,,,,,,,,,,,,,,,,,,,,,,,,,,,,,,,,,,,,,
T001,T001,D6,1,1,416.52,1,1,1,1,1,,1,1,1,1,TEND 4,,,,,,,,,,,,,,,,,,,,,,,,,,,,,,,,,,,,,,,,,
T002,T002,B4,1,1,230.06,1,1,1,1,1,,1,1,1,1,TEND 4,,,,,,,,,,,,,,,,,,,,,,,,,,,,,,,,,,,,,,,,,
T003,T003,B4,1,1,287.98,1,1,1,1,1,,1,1,1,1,TEND 4,,,,,,,,,,,,,,,,,,,,,,,,,,,,,,,,,,,,,,,,,
T004,T004,D4,1,1,231.17,1,1,1,1,1,,1,1,1,1,TEND 4,,,,,,,,,,,,,,,,,,,,,,,,,,,,,,,,,,,,,,,,,
T005,T005,B5,1,1,333.61,1,1,1,1,1,,1,1,1,1,TEND 1,,,,,,,,,,,,,,,,,,,,,,,,,,,,,,,,,,,,,,,,,
T006,T006,C5,1,1,313.62,1,1,1,1,1,,1,1,1,1,TEND 1,,,,,,,,,,,,,,,,,,,,,,,,,,,,,,,,,,,,,,,,,
T007,T007,B5,1,1,370.75,1,1,1,1,1,,1,1,1,1,TEND 1,,,,,,,,,,,,Construmex,,,,,,,,,,,,,,,,,,,,,,,,,,,,,
T008,T008,B6,1,1,241.46,1,1,1,1,1,,1,1,1,1,TEND 1,,,,,,,,,,,,Construmex,,,,,,,,,,,,,,,,,,,,,,,,,,,,,
T009,T009,B4,1,1,242.94,1,1,1,1,1,,1,1,1,1,TEND 1,,,,,,,,,,,,Construmex,,,,,,,,,,,,,,,,,,,,,,,,,,,,,
T010,T010,B3,1,1,264.01,1,1,1,1,1,,1,1,1,1,TEND 1,,,,,,,,,,,,Construmex,,,,,,,,,,,,,,,,,,,,,,,,,,,,,
T011,T011,C5,1,1,500.55,1,1,1,1,1,,1,1,1,1,TEND 1,,,,,,,,,,,,Construmex,,,,,,,,,,,,,,,,,,,,,,,,,,,,,
T012,T012,B7,1,1,278.19,1,1,1,1,1,,1,1,1,1,TEND 1,,,,,,,,,,,,Construmex,,,,,,,,,,,,,,,,,,,,,,,,,,,,,
T013,T013,C2,1,1,333.13,1,1,1,1,1,,1,1,1,1,TEND 1,,,,,,,,,,,,Construmex,,,,,,,,,,,,,,,,,,,,,,,,,,,,,
T014,T014,B4,1,1,331.99,1,1,1,1,1,,1,1,1,1,TEND 1,,,,,,,,,,,,Construmex,,,,,,,,,,,,,,,,,,,,,,,,,,,,,
T015,T015,A7,1,1,380.03,1,1,1,1,1,,,1,1,1,TEND 1,,,,,,,,,,,,Construmex,,,,,,,,,,,,,,,,,,,,,,,,,,,,,
T016,T016,A5,1,1,207.47,1,1,1,1,1,,,1,1,1,TEND 1,,,,,,,,,,,,Construmex,,,,,,,,,,,,,,,,,,,,,,,,,,,,,
T017,T017,A3,1,1,211.16,1,1,1,1,1,,,1,1,1,TEND 1,,,,,,,,,,,,Construmex,,,,,,,,,,,,,,,,,,,,,,,,,,,,,
T018,T018,B2,1,1,259.78,1,1,1,1,1,,1,1,1,1,TEND 1,,,,,,,,,,,,Construmex,,,,,,,,,,,,,,,,,,,,,,,,,,,,,
T019,T019,A5,1,1,309.86,1,1,1,1,1,,,1,1,1,TEND 1,,,,,,,,,,,,Construmex,,,,,,,,,,,,,,,,,,,,,,,,,,,,,
T020,T020,A6,1,1,340.38,1,1,1,1,1,,,1,1,1,TEND 1,,,,,,,,,,,,Construmex,,,,,,,,,,,,,,,,,,,,,,,,,,,,,
T021,T021,B1,1,1,312.19,1,1,1,1,1,,1,1,1,1,TEND 1,,,,,,,,,,,,Construmex,,,,,,,,,,,,,,,,,,,,,,,,,,,,,
T022,T022,B6,1,1,330.49,1,1,1,1,1,,1,1,1,1,TEND 1,,,,,,,,,,,,Construmex,,,,,,,,,,,,,,,,,,,,,,,,,,,,,
T023,T023,B6,1,1,428.52,1,1,1,1,1,,1,1,1,1,TEND 1,,,,,,,,,,,,Construmex,,,,,,,,,,,,,,,,,,,,,,,,,,,,,
T024,T024,B7,1,1,473.87,1,1,1,1,1,,1,1,1,1,TEND 1,,,,,,,,,,,,,,,,,,,,,,,,,,,,,,,,,,,,,,,,,
T025,,,,,313.7,,,,,,,,,,,TEND 2,,,,,,,,,,,,Construmex,,,,,,,,,,,,,,,,,,,,,,,,,,,,,
T026,T026,B3,1,1,270.23,1,1,1,1,1,,1,1,1,1,TEND 2,,,,,,,,,,,,,,,,,,,,,,,,,,,,,,,,,,,,,,,,,
T027,T027,A6,1,1,390.85,1,1,1,1,1,,,1,1,1,TEND 2,,,,,,,,,,,,,,,,,,,,,,,,,,,,,,,,,,,,,,,,,
T028,T028,B5,1,1,359.48,1,1,1,1,1,,1,1,1,1,TEND 2,,,,,,,,,,,,,,,,,,,,,,,,,,,,,,,,,,,,,,,,,
T029,T029,C4,1,1,383.46,1,1,1,1,1,,1,1,1,1,TEND 2,,,,,,,,,,,,,,,,,,,,,,,,,,,,,,,,,,,,,,,,,
T030,T030,B5,1,1,316.34,1,1,1,1,1,,1,1,1,1,TEND 2,,,,,,,,,,,,,,,,,,,,,,,,,,,,,,,,,,,,,,,,,
T031,T031,A7,1,1,428.76,1,1,1,1,1,,,1,1,1,TEND 2,,,,,,,,,,,,,,,,,,,,,,,,,,,,,,,,,,,,,,,,,
T032,T032,A6,1,1,247.92,1,1,1,1,1,,,1,1,1,TEND 2,,,,,,,,,,,,,,,,,,,,,,,,,,,,,,,,,,,,,,,,,
T033,T033,B6,1,1,331.39,1,1,1,1,1,,1,1,1,1,TEND 2,,,,,,,,,,,,,,,,,,,,,,,,,,,,,,,,,,,,,,,,,
T034,T034,B4,1,1,334.68,1,1,1,1,1,,1,1,1,1,TEND 2,,,,,,,,,,,,,,,,,,,,,,,,,,,,,,,,,,,,,,,,,
T035,T035,B4,1,1,294.69,1,1,1,1,1,,1,1,1,1,TEND 2,,,,,,,,,,,,,,,,,,,,,,,,,,,,,,,,,,,,,,,,,
T036,T036,D2,1,1,351.38,1,1,1,1,1,,1,1,1,1,TEND 2,,,,,,,,,,,,,,,,,,,,,,,,,,,,,,,,,,,,,,,,,
T037,T037,C2,1,1,341.25,1,1,1,1,1,,1,1,1,1,TEND 2,,,,,,,,,,,,,,,,,,,,,,,,,,,,,,,,,,,,,,,,,
T038,T038,A3,1,1,361.63,1,1,1,1,1,,,1,1,1,TEND 2,,,,,,,,,,,,,,,,,,,,,,,,,,,,,,,,,,,,,,,,,
T039,T039,A3,1,1,351.41,1,1,1,1,1,,,1,1,1,TEND 2,,,,,,,,,,,,,,,,,,,,,,,,,,,,,,,,,,,,,,,,,
T040,T040,A4,1,1,350.53,1,1,1,1,1,,,1,1,1,TEND 2,,,,,,,,,,,,,,,,,,,,,,,,,,,,,,,,,,,,,,,,,
T041,T041,A4,1,1,363.93,1,1,1,1,1,,,1,1,1,TEND 2,,,,,,,,,,,,,,,,,,,,,,,,,,,,,,,,,,,,,,,,,
T042,T042,A3,1,1,376.83,1,1,1,1,1,,,1,1,1,TEND 2,,,,,,,,,,,,,,,,,,,,,,,,,,,,,,,,,,,,,,,,,
T043,T043,D5,1,1,417.35,1,1,1,1,1,,1,1,1,1,TEND 2,,,,,,,,,,,,,,,,,,,,,,,,,,,,,,,,,,,,,,,,,
T044,T044,D5,1,1,409.89,1,1,1,1,1,,1,1,1,1,TEND 2,,,,,,,,,,,,,,,,,,,,,,,,,,,,,,,,,,,,,,,,,
T045,T045,B7,1,1,318.73,1,1,1,1,1,,1,1,1,1,TEND 2,,,,,,,,,,,,,,,,,,,,,,,,,,,,,,,,,,,,,,,,,
T046,T046,A7,1,1,257.34,1,1,1,1,1,,,1,1,1,TEND 2,,,,,,,,,,,,,,,,,,,,,,,,,,,,,,,,,,,,,,,,,
T047,T047,B7,1,1,298.5,1,1,1,1,1,,1,1,1,1,TEND 2,,,,,,,,,,,,,,,,,,,,,,,,,,,,,,,,,,,,,,,,,
T048,T048,C5,1,1,315.27,1,1,1,1,1,,1,1,1,0,TEND 2,,,,,ENTREGA O.C A HMV-WSP,,,,,,,,,,,,,,,,,,,,,,,,,,,,,,,,,,,,
T049,T049,C5,1,1,366.85,1,1,1,1,1,,1,1,1,0.75,TEND 3,,,,,ENTREGA O.C A HMV-WSP,,,,,,,,,,,,,,,,,,,,,,,,,,,,,,,,,,,,
T050,T050,C5,1,1,225.22,1,1,1,1,1,,1,1,1,0.75,TEND 3,,,,,ENTREGA O.C A HMV-WSP,,,,,,,,,,,,,,,,,,,,,,,,,,,,,,,,,,,,
T051,T051,A4,1,1,508.58,1,1,1,1,1,,,1,1,0,TEND 3,,,,,ENTREGA O.C A HMV-WSP,,,,,,,,,,,,,,,,,,,,,,,,,,,,,,,,,,,,
T052,T052,B6,1,1,517.32,1,1,1,1,1,,1,1,1,1,TEND 3,,,,,,,,,,,,,,,,,,,,,,,,,,,,,,,,,,,,,,,,,
T053,T053,B7,1,1,558,1,1,1,1,1,,1,1,1,0.75,TEND 3,,,,,ENTREGA O.C A HMV-WSP,,,,,,,,,,,,,,,,,,,,,,,,,,,,,,,,,,,,
T054,T054,B4,1,1,413.38,1,1,1,1,1,,1,1,1,0,TEND 3,,,,,ENTREGA O.C A HMV-WSP,,,,,,,,,,,,,,,,,,,,,,,,,,,,,,,,,,,,
T055,T055,A4,1,1,504.56,1,1,1,1,1,,,1,1,0,TEND 3,,,,,ENTREGA O.C A HMV-WSP,,,,,,,,,,,,,,,,,,,,,,,,,,,,,,,,,,,,
T056,T056,A4,1,1,221.82,1,1,1,1,1,,,1,1,0,TEND 3,,,,,ENTREGA O.C A HMV-WSP,,,,,,,,,,,,,,,,,,,,,,,,,,,,,,,,,,,,
T057,T057,B3,1,1,221.8,1,1,1,1,1,,1,1,1,0,TEND 3,,,,,ENTREGA O.C A HMV-WSP,,,,,,,,,,,,,,,,,,,,,,,,,,,,,,,,,,,,
T058,T058,B3,1,1,464.64,1,1,1,1,1,,1,1,1,0,TEND 3,,,,,CORRECCIONES O. C.,,,,,,,,,,,,,,,,,,,,,,,,,,,,,,,,,,,,
T059,T059,B2,1,1,412.36,1,1,1,1,1,,1,1,1,0.75,TEND 3,CORRECCIONES O. C. (100%),,,,,,,,,,,,,,,,,,,,,,,,,,,,,,,,,,,,,,,,
T060,T060,A7,1,1,394.25,1,1,1,1,1,,,1,1,0,TEND 3,,,,, CORRECCIONES O. C.  ,,,,,,,,,,,,,,,,,,,,,,,,,,,,,,,,,,,,
T061,T061,A60M,1,1,550.05,1,1,1,1,1,,,1,1,0,TEND 3,,,,, CORRECCIONES O. C.  ,,,,,,,,,,,,,,,,,,,,,,,,,,,,,,,,,,,,
T062,T062,B5,1,1,1022.06,1,1,1,1,1,,1,1,1,0,TEND 3,,,,, CORRECCIONES O. C.  ,,,,,,,,,,,,,,,,,,,,,,,,,,,,,,,,,,,,
T063,T063,AE,1,1,203.19,1,1,1,1,1,,1,0.5,1,0,TEND 3,,,,, INST. PLACAS POST-PINTURA,,,,,,,,,,,,,,,,,,,,,,,,,,,,,,,,,,,,
T064,T064,AE,1,1,48.9,1,1,1,1,1,,1,0.5,1,0,TEND 3,,,,, INST. PLACAS POST-PINTURA,,,,,,,,,,,,,,,,,,,,,,,,,,,,,,,,,,,,
T065,T065,D,1,1,,1,1,1,1,1,,1,1,1,0,TEND 3,,,,,CORRECCIONES O. C.,,,,,,,,,,,,,,,,,,,,,,,,,,,,,,,,,,,,
,T64,AE,#N/A,#N/A,,,,,,0,,,,1,,,,,,,,,,,,,,,,,,,,,,,,,,,,,,,,,,,,,,,,,,,
,,,,,,,,,,,,,,,,,,,,,,,,,,,,,,,,,,,,,,,,,,,,,,,,,,,,,,,,,
,,,,,,,,,,,,,,,,,,,,,,,,,,,,,,,,,,,,,,,,,,,,,,,,,,,,,,,,,
,,,,,,,,,,,,,,,,,,,,,,,,,,,,,,,,,,,,,,,,,,,,,,,,,,,,,,,,,
,,,,,,,,,,,,,,,,,,,,,,,,,,,,,,,,,,,,,,,,,,,,,,,,,,,,,,,,,
,,,,,,,,,,,,,,,,,,,,,,,,,,,,,,,,,,,,,,,,,,,,,,,,,,,,,,,,,
,6.2 CABLE OPGW IZQUIERDO,,,,,,,,,,,,,,,,,,,,,,,,,"OBSERVACIONES 
CONTROL DE OBRA",EJECUTADO,PROGRAMADO,,,,,,,,,,,,,,,,,,,,,,,,,,,,,
,TORRE,TIPO,MONTADA,ENTREGADA,VANO,VESTIDA,RIEGA MANILA,RIEGA GUAYA,TENDIDO,"AMARRE, GRAPADO",SEPARADORES,PUENTE,ACCESORIOS,EMPALMES,,TIRO,OBSERVACIONES EJECUTADO,,,,DESCRIPCIÓN PROGRAMADO,,,,2026-02-02 00:00:00,,,,,,,,,,,,,,,,,,,,,,,,,,,,,,,,
,PORTICO,0,0,0,54.89,1,1,1,1,1,,,,1,, CAJA EMPALME PORTICO,,,,,,,,,,,,,,,,,,,,,,,,,,,,,,,,,,,,,,,,,
,T001,D6,1,1,416.52,1,1,1,1,1,,,1,,,,,,,,,,,,,,,,,,,,,,,,,,,,,,,,,,,,,,,,,,,,
,T002,B4,1,1,230.06,1,1,1,1,1,,,,,,,,,,,,,,,,,,,,,,,,,,,,,,,,,,,,,,,,,,,,,,,
,T003,B4,1,1,287.98,1,1,1,1,1,,,1,,,,,,,,,,,,,,,,,,,,,,,,,,,,,,,,,,,,,,,,,,,,
,T004,D4,1,1,231.17,1,1,1,1,1,,,,,,,,,,,,,,,,,,,,,,,,,,,,,,,,,,,,,,,,,,,,,,,
,T005,B5,1,1,333.61,1,1,1,1,1,,,1,,,,,,,,,,,,,,,,,,,,,,,,,,,,,,,,,,,,,,,,,,,,
,T006,C5,1,1,313.62,1,1,1,1,1,,,,,,,,,,,,,,,,,,,,,,,,,,,,,,,,,,,,,,,,,,,,,,,
,T007,B5,1,1,370.75,1,1,1,1,1,,,1,,,,,,,,,,,,,,,,,,,,,,,,,,,,,,,,,,,,,,,,,,,,
,T008,B6,1,1,241.46,1,1,1,1,1,,,1,,,,,,,,,,,,,,,,,,,,,,,,,,,,,,,,,,,,,,,,,,,,
,T009,B4,1,1,242.94,1,1,1,1,1,,,,,,,,,,,,,,,,,,,,,,,,,,,,,,,,,,,,,,,,,,,,,,,
,T010,B3,1,1,264.01,1,1,1,1,1,,,1,1,,CAJA EMPALME T10,,,,,,,,,,,,,,,,,,,,,,,,,,,,,,,,,,,,,,,,,
,T011,C5,1,1,500.55,1,1,1,1,1,,,1,,,,,,,,,,,,,,,,,,,,,,,,,,,,,,,,,,,,,,,,,,,,
,T012,B7,1,1,278.19,1,1,1,1,1,,,,,,,,,,,,,,,,,,,,,,,,,,,,,,,,,,,,,,,,,,,,,,,
,T013,C2,1,1,333.13,1,1,1,1,1,,,1,,,,,,,,,,,,,,,,,,,,,,,,,,,,,,,,,,,,,,,,,,,,
,T014,B4,1,1,331.99,1,1,1,1,1,,,1,,,,,,,,,,,,,,,,,,,,,,,,,,,,,,,,,,,,,,,,,,,,
,T015,A7,1,1,380.03,1,1,1,1,1,,,1,,,,,,,,,,,,,,,,,,,,,,,,,,,,,,,,,,,,,,,,,,,,
,T016,A5,1,1,207.47,1,1,1,1,1,,,1,,,,,,,,,,,,,,,,,,,,,,,,,,,,,,,,,,,,,,,,,,,,
,T017,A3,1,1,211.16,1,1,1,1,1,,,1,,,,,,,,,,,,,,,,,,,,,,,,,,,,,,,,,,,,,,,,,,,,
,T018,B2,1,1,259.78,1,1,1,1,1,,,1,,,,,,,,,,,,,,,,,,,,,,,,,,,,,,,,,,,,,,,,,,,,
,T019,A5,1,1,309.86,1,1,1,1,1,,,1,1,,CAJA EMPALME T19,,,,,,,,,,,,,,,,,,,,,,,,,,,,,,,,,,,,,,,,,
,T020,A6,1,1,340.38,1,1,1,1,1,,,1,,,,,,,,,,,,,,,,,,,,,,,,,,,,,,,,,,,,,,,,,,,,
,T021,B1,1,1,312.19,1,1,1,1,1,,,1,,,,,,,,,,,,,,,,,,,,,,,,,,,,,,,,,,,,,,,,,,,,
,T022,B6,1,1,330.49,1,1,1,1,1,,,1,,,,,,,,,,,,,,,,,,,,,,,,,,,,,,,,,,,,,,,,,,,,
,T023,B6,1,1,428.52,1,1,1,1,1,,,1,,,,,,,,,,,,,,,,,,,,,,,,,,,,,,,,,,,,,,,,,,,,
,T024,B7,1,1,473.87,1,1,1,1,1,,,,,,,,,,,,,,,,,,,,,,,,,,,,,,,,,,,,,,,,,,,,,,,
,0,0,0,0,313.7,#N/A,#N/A,,,,,,,,,,,,,,,,,,,,,,,,,,,,,,,,,,,,,,,,,,,,,,,,,,
,T026,B3,1,1,270.23,1,1,1,1,1,,,,,,,,,,,,,,,,,,,,,,,,,,,,,,,,,,,,,,,,,,,,,,,
,T027,A6,1,1,390.85,1,1,1,1,1,,,,,,,,,,,,,,,,,,,,,,,,,,,,,,,,,,,,,,,,,,,,,,,
,T028,B5,1,1,359.48,1,1,1,1,1,,,,1,,CAJA EMPALME T28,,,,,,,,,,,,,,,,,,,,,,,,,,,,,,,,,,,,,,,,,
,T029,C4,1,1,383.46,1,1,1,1,1,,,,,,,,,,,,,,,,,,,,,,,,,,,,,,,,,,,,,,,,,,,,,,,
,T030,B5,1,1,316.34,1,1,1,1,1,,,1,,,,,,,,,,,,,,,,,,,,,,,,,,,,,,,,,,,,,,,,,,,,
,T031,A7,1,1,428.76,1,1,1,1,1,,,,,,,,,,,,,,,,,,,,,,,,,,,,,,,,,,,,,,,,,,,,,,,
,T032,A6,1,1,247.92,1,1,1,1,1,,,,,,,,,,,,,,,,,,,,,,,,,,,,,,,,,,,,,,,,,,,,,,,
,T033,B6,1,1,331.39,1,1,1,1,1,,,,,,,,,,,,,,,,,,,,,,,,,,,,,,,,,,,,,,,,,,,,,,,
,T034,B4,1,1,334.68,1,1,1,1,1,,,,,,,,,,,,,,,,,,,,,,,,,,,,,,,,,,,,,,,,,,,,,,,
,T035,B4,1,1,294.69,1,1,1,1,1,,,,,,,,,,,,,,,,,,,,,,,,,,,,,,,,,,,,,,,,,,,,,,,
,T036,D2,1,1,351.38,1,1,1,1,1,,,,1,,CAJA EMPALME T36,,,,,,,,,,,,,,,,,,,,,,,,,,,,,,,,,,,,,,,,,
,T037,C2,1,1,341.25,1,1,1,1,1,,,,,,,,,,,,,,,,,,,,,,,,,,,,,,,,,,,,,,,,,,,,,,,
,T038,A3,1,1,361.63,1,1,1,1,1,,,,,,,,,,,,,,,,,,,,,,,,,,,,,,,,,,,,,,,,,,,,,,,
,T039,A3,1,1,351.41,1,1,1,1,1,,,,,,,,,,,,,,,,,,,,,,,,,,,,,,,,,,,,,,,,,,,,,,,
,T040,A4,1,1,350.53,1,1,1,1,1,,,,,,,,,,,,,,,,,,,,,,,,,,,,,,,,,,,,,,,,,,,,,,,
,T041,A4,1,1,363.93,1,1,1,1,1,,,,,,,,,,,,,,,,,,,,,,,,,,,,,,,,,,,,,,,,,,,,,,,
,T042,A3,1,1,376.83,1,1,1,1,1,,,,,,,,,,,,,,,,,,,,,,,,,,,,,,,,,,,,,,,,,,,,,,,
,T043,D5,1,1,417.35,1,1,1,1,1,,,1,,,,,,,,,,,,,,,,,,,,,,,,,,,,,,,,,,,,,,,,,,,,
,T044,D5,1,1,409.89,1,1,1,1,1,,,1,1,,CAJA EMPALME T44,,,,,,,,,,,,,,,,,,,,,,,,,,,,,,,,,,,,,,,,,
,T045,B7,1,1,318.73,1,1,1,1,1,,,1,,,,,,,,,,,,,,,,,,,,,,,,,,,,,,,,,,,,,,,,,,,,
,T046,A7,1,1,257.34,1,1,1,1,1,,,1,,,,,,,,,,,,,,,,,,,,,,,,,,,,,,,,,,,,,,,,,,,,
,T047,B7,1,1,298.5,1,1,1,1,1,,,1,,,,,,,,,,,,,,,,,,,,,,,,,,,,,,,,,,,,,,,,,,,,
,T048,C5,1,1,315.27,1,1,1,1,1,,,1,,,,,,,,,,,,,,,,,,,,,,,,,,,,,,,,,,,,,,,,,,,,
,T049,C5,1,1,366.85,1,1,1,1,1,,,1,,,,,,,,,,,,,,,,,,,,,,,,,,,,,,,,,,,,,,,,,,,,
,T050,C5,1,1,225.22,1,1,1,1,1,,,1,,,,,,,,,,,,,,,,,,,,,,,,,,,,,,,,,,,,,,,,,,,,
,T051,A4,1,1,508.58,1,1,1,1,1,,,1,,,,,,,,,,,,,,,,,,,,,,,,,,,,,,,,,,,,,,,,,,,,
,T052,B6,1,1,517.32,1,1,1,1,1,,,1,1,,CAJA EMPALME T52,,,,,,,,,,,,,,,,,,,,,,,,,,,,,,,,,,,,,,,,,
,T053,B7,1,1,558,1,1,1,1,1,,,1,,,,,,,,,,,,,,,,,,,,,,,,,,,,,,,,,,,,,,,,,,,,
,T054,B4,1,1,413.38,1,1,1,1,1,,,1,,,,,,,,,,,,,,,,,,,,,,,,,,,,,,,,,,,,,,,,,,,,
,T055,A4,1,1,504.56,1,1,1,1,1,,,1,,,,,,,,,,,,,,,,,,,,,,,,,,,,,,,,,,,,,,,,,,,,
,T056,A4,1,1,221.82,1,1,1,1,1,,,1,,,,,,,,,,,,,,,,,,,,,,,,,,,,,,,,,,,,,,,,,,,,
,T057,B3,1,1,221.8,1,1,1,1,1,,,1,,,,,,,,,,,,,,,,,,,,,,,,,,,,,,,,,,,,,,,,,,,,
,T058,B3,1,1,464.64,1,1,1,1,1,,,1,,,,,,,,,,,,,,,,,,,,,,,,,,,,,,,,,,,,,,,,,,,,
,T059,B2,1,1,412.36,1,1,1,1,1,,,1,1,,CAJA EMPALME T59,,,,,,,,,,,,,,,,,,,,,,,,,,,,,,,,,,,,,,,,,
,T060,A7,1,1,394.25,1,1,1,1,1,,,1,1,,CAJA EMPALME T60,,,,,,,,,,,,,,,,,,,,,,,,,,,,,,,,,,,,,,,,,
,T061,A60M,1,1,550.05,1,1,1,1,1,,,,,,,,,,,,,,,,,,,,,,,,,,,,,,,,,,,,,,,,,,,,,,,
,T062,B5,1,1,1022.06,1,1,1,1,1,,,,,,,,,,,,,,,,,,,,,,,,,,,,,,,,,,,,,,,,,,,,,,,
,T063,AE,1,1,203.19,1,1,1,1,1,,,1,,,,,,,,,,,,,,,,,,,,,,,,,,,,,,,,,,,,,,,,,,,,
,T064,AE,1,1,48.9,1,1,1,1,1,,,,,,,,,,,,,,,,,,,,,,,,,,,,,,,,,,,,,,,,,,,,,,,
,T065,D,1,1,0,1,1,1,1,1,,,,,, ,,,,,,,,,,,,,,,,,,,,,,,,,,,,,,,,,,,,,,,,,
,T64,AE,#N/A,#N/A,,,,,,0,,,,1,, CAJA EMPALME PORTICO,,,,,,,,,,,,,,,,,,,,,,,,,,,,,,,,,,,,,,,,,
,,,,,,,,,,,,,,,, ,,,,,,,,,,,,,,,,,,,,,,,,,,,,,,,,,,,,,,,,,
,,,,,,,,,,,,,,,,,,,,,,,,,,,,,,,,,,,,,,,,,,,,,,,,,,,,,,,,,
,,,,,,,,,,,,,,,,,,,,,,,,,,,,,,,,,,,,,,,,,,,,,,,,,,,,,,,,,
,6.3 CABLE DE OPGW DERECHO,,,,,,,,,,,,,,,,,,,,,,,,,"OBSERVACIONES 
CONTROL DE OBRA",EJECUTADO,PROGRAMADO,,,,,,,,,,,,,,,,,,,,,,,,,,,,,
,TORRE,TIPO,MONTADA,ENTREGADA,VANO,VESTIDA,RIEGA MANILA,RIEGA GUAYA,TENDIDO,"AMARRE, GRAPADO",SEPARADORES,PUENTE,ACCESORIOS,EMPALMES,,TIRO,OBSERVACIONES EJECUTADO,,,,DESCRIPCIÓN PROGRAMADO,,,,2026-02-02 00:00:00,,,,,,,,,,,,,,,,,,,,,,,,,,,,,,,,
,PORTICO,0,0,0,54.89,1,1,1,1,1,,,,1,, CAJA EMPALME PORTICO,,,,,,,,,,,,,,,,,,,,,,,,,,,,,,,,,,,,,,,,,
,T001,D6,1,1,416.52,1,1,1,1,1,,,1,,,,,,,,,,,,,,,,,,,,,,,,,,,,,,,,,,,,,,,,,,,,
,T002,B4,1,1,230.06,1,1,1,1,1,,,,,,,,,,,,,,,,,,,,,,,,,,,,,,,,,,,,,,,,,,,,,,,
,T003,B4,1,1,287.98,1,1,1,1,1,,,1,,,,,,,,,,,,,,,,,,,,,,,,,,,,,,,,,,,,,,,,,,,,
,T004,D4,1,1,231.17,1,1,1,1,1,,,,,,,,,,,,,,,,,,,,,,,,,,,,,,,,,,,,,,,,,,,,,,,
,T005,B5,1,1,333.61,1,1,1,1,1,,,1,,,,,,,,,,,,,,,,,,,,,,,,,,,,,,,,,,,,,,,,,,,,
,T006,C5,1,1,313.62,1,1,1,1,1,,,,,,,,,,,,,,,,,,,,,,,,,,,,,,,,,,,,,,,,,,,,,,,
,T007,B5,1,1,370.75,1,1,1,1,1,,,1,,,,,,,,,,,,,,,,,,,,,,,,,,,,,,,,,,,,,,,,,,,,
,T008,B6,1,1,241.46,1,1,1,1,1,,,1,,,,,,,,,,,,,,,,,,,,,,,,,,,,,,,,,,,,,,,,,,,,
,T009,B4,1,1,242.94,1,1,1,1,1,,,,,,,,,,,,,,,,,,,,,,,,,,,,,,,,,,,,,,,,,,,,,,,
,T010,B3,1,1,264.01,1,1,1,1,1,,,1,1,,CAJA EMPALME T10,,,,,,,,,,,,,,,,,,,,,,,,,,,,,,,,,,,,,,,,,
,T011,C5,1,1,500.55,1,1,1,1,1,,,1,,,,,,,,,,,,,,,,,,,,,,,,,,,,,,,,,,,,,,,,,,,,
,T012,B7,1,1,278.19,1,1,1,1,1,,,,,,,,,,,,,,,,,,,,,,,,,,,,,,,,,,,,,,,,,,,,,,,
,T013,C2,1,1,333.13,1,1,1,1,1,,,1,,,,,,,,,,,,,,,,,,,,,,,,,,,,,,,,,,,,,,,,,,,,
,T014,B4,1,1,331.99,1,1,1,1,1,,,1,,,,,,,,,,,,,,,,,,,,,,,,,,,,,,,,,,,,,,,,,,,,
,T015,A7,1,1,380.03,1,1,1,1,1,,,1,,,,,,,,,,,,,,,,,,,,,,,,,,,,,,,,,,,,,,,,,,,,
,T016,A5,1,1,207.47,1,1,1,1,1,,,1,,,,,,,,,,,,,,,,,,,,,,,,,,,,,,,,,,,,,,,,,,,,
,T017,A3,1,1,211.16,1,1,1,1,1,,,1,,,,,,,,,,,,,,,,,,,,,,,,,,,,,,,,,,,,,,,,,,,,
,T018,B2,1,1,259.78,1,1,1,1,1,,,1,,,,,,,,,,,,,,,,,,,,,,,,,,,,,,,,,,,,,,,,,,,,
,T019,A5,1,1,309.86,1,1,1,1,1,,,1,1,,CAJA EMPALME T19,,,,,,,,,,,,,,,,,,,,,,,,,,,,,,,,,,,,,,,,,
,T020,A6,1,1,340.38,1,1,1,1,1,,,1,,,,,,,,,,,,,,,,,,,,,,,,,,,,,,,,,,,,,,,,,,,,
,T021,B1,1,1,312.19,1,1,1,1,1,,,1,,,,,,,,,,,,,,,,,,,,,,,,,,,,,,,,,,,,,,,,,,,,
,T022,B6,1,1,330.49,1,1,1,1,1,,,1,,,,,,,,,,,,,,,,,,,,,,,,,,,,,,,,,,,,,,,,,,,,
,T023,B6,1,1,428.52,1,1,1,1,1,,,1,,,,,,,,,,,,,,,,,,,,,,,,,,,,,,,,,,,,,,,,,,,,
,T024,B7,1,1,473.87,1,1,1,1,1,,,,,,,,,,,,,,,,,,,,,,,,,,,,,,,,,,,,,,,,,,,,,,,
,T026,B3,1,1,270.23,1,1,1,1,1,,,,,,,,,,,,,,,,,,,,,,,,,,,,,,,,,,,,,,,,,,,,,,,
,T027,A6,1,1,390.85,1,1,1,1,1,,,,,,,,,,,,,,,,,,,,,,,,,,,,,,,,,,,,,,,,,,,,,,,
,T028,B5,1,1,359.48,1,1,1,1,1,,,,1,,CAJA EMPALME T28,,,,,,,,,,,,,,,,,,,,,,,,,,,,,,,,,,,,,,,,,
,T029,C4,1,1,383.46,1,1,1,1,1,,,,,,,,,,,,,,,,,,,,,,,,,,,,,,,,,,,,,,,,,,,,,,,
,T030,B5,1,1,316.34,1,1,1,1,1,,,1,,,,,,,,,,,,,,,,,,,,,,,,,,,,,,,,,,,,,,,,,,,,
,T031,A7,1,1,428.76,1,1,1,1,1,,,,,,,,,,,,,,,,,,,,,,,,,,,,,,,,,,,,,,,,,,,,,,,
,T032,A6,1,1,247.92,1,1,1,1,1,,,,,,,,,,,,,,,,,,,,,,,,,,,,,,,,,,,,,,,,,,,,,,,
,T033,B6,1,1,331.39,1,1,1,1,1,,,,,,,,,,,,,,,,,,,,,,,,,,,,,,,,,,,,,,,,,,,,,,,
,T034,B4,1,1,334.68,1,1,1,1,1,,,,,,,,,,,,,,,,,,,,,,,,,,,,,,,,,,,,,,,,,,,,,,,
,T035,B4,1,1,294.69,1,1,1,1,1,,,,,,,,,,,,,,,,,,,,,,,,,,,,,,,,,,,,,,,,,,,,,,,
,T036,D2,1,1,351.38,1,1,1,1,1,,,,1,,CAJA EMPALME T36,,,,,,,,,,,,,,,,,,,,,,,,,,,,,,,,,,,,,,,,,
,T037,C2,1,1,341.25,1,1,1,1,1,,,,,,,,,,,,,,,,,,,,,,,,,,,,,,,,,,,,,,,,,,,,,,,
,T038,A3,1,1,361.63,1,1,1,1,1,,,,,,,,,,,,,,,,,,,,,,,,,,,,,,,,,,,,,,,,,,,,,,,
,T039,A3,1,1,351.41,1,1,1,1,1,,,,,,,,,,,,,,,,,,,,,,,,,,,,,,,,,,,,,,,,,,,,,,,
,T040,A4,1,1,350.53,1,1,1,1,1,,,,,,,,,,,,,,,,,,,,,,,,,,,,,,,,,,,,,,,,,,,,,,,
,T041,A4,1,1,363.93,1,1,1,1,1,,,,,,,,,,,,,,,,,,,,,,,,,,,,,,,,,,,,,,,,,,,,,,,
,T042,A3,1,1,376.83,1,1,1,1,1,,,,,,,,,,,,,,,,,,,,,,,,,,,,,,,,,,,,,,,,,,,,,,,
,T043,D5,1,1,417.35,1,1,1,1,1,,,1,,,,,,,,,,,,,,,,,,,,,,,,,,,,,,,,,,,,,,,,,,,,
,T044,D5,1,1,409.89,1,1,1,1,1,,,1,1,,CAJA EMPALME T44,,,,,,,,,,,,,,,,,,,,,,,,,,,,,,,,,,,,,,,,,
,T045,B7,1,1,318.73,1,1,1,1,1,,,1,,,,,,,,,,,,,,,,,,,,,,,,,,,,,,,,,,,,,,,,,,,,
,T046,A7,1,1,257.34,1,1,1,1,1,,,1,,,,,,,,,,,,,,,,,,,,,,,,,,,,,,,,,,,,,,,,,,,,
,T047,B7,1,1,298.5,1,1,1,1,1,,,1,,,,,,,,,,,,,,,,,,,,,,,,,,,,,,,,,,,,,,,,,,,,
,T048,C5,1,1,315.27,1,1,1,1,1,,,1,,,,,,,,,,,,,,,,,,,,,,,,,,,,,,,,,,,,,,,,,,,,
,T049,C5,1,1,366.85,1,1,1,1,1,,,1,,,,,,,,,,,,,,,,,,,,,,,,,,,,,,,,,,,,,,,,,,,,
,T050,C5,1,1,225.22,1,1,1,1,1,,,1,,,,,,,,,,,,,,,,,,,,,,,,,,,,,,,,,,,,,,,,,,,,
,T051,A4,1,1,508.58,1,1,1,1,1,,,1,,,,,,,,,,,,,,,,,,,,,,,,,,,,,,,,,,,,,,,,,,,,
,T052,B6,1,1,517.32,1,1,1,1,1,,,1,1,,CAJA EMPALME T52,,,,,,,,,,,,,,,,,,,,,,,,,,,,,,,,,,,,,,,,,
,T053,B7,1,1,558,1,1,1,1,1,,,1,,,,,,,,,,,,,,,,,,,,,,,,,,,,,,,,,,,,,,,,,,,,
,T054,B4,1,1,413.38,1,1,1,1,1,,,1,,,,,,,,,,,,,,,,,,,,,,,,,,,,,,,,,,,,,,,,,,,,
,T055,A4,1,1,504.56,1,1,1,1,1,,,1,,,,,,,,,,,,,,,,,,,,,,,,,,,,,,,,,,,,,,,,,,,,
,T056,A4,1,1,221.82,1,1,1,1,1,,,1,,,,,,,,,,,,,,,,,,,,,,,,,,,,,,,,,,,,,,,,,,,,
,T057,B3,1,1,221.8,1,1,1,1,1,,,1,,,,,,,,,,,,,,,,,,,,,,,,,,,,,,,,,,,,,,,,,,,,
,T058,B3,1,1,464.64,1,1,1,1,1,,,1,,,,,,,,,,,,,,,,,,,,,,,,,,,,,,,,,,,,,,,,,,,,
,T059,B2,1,1,412.36,1,1,1,1,1,,,1,1,,CAJA EMPALME T59,,,,,,,,,,,,,,,,,,,,,,,,,,,,,,,,,,,,,,,,,
,T060,A7,1,1,394.25,1,1,1,1,1,,,1,1,,CAJA EMPALME T60,,,,,,,,,,,,,,,,,,,,,,,,,,,,,,,,,,,,,,,,,
,T061,A60M,1,1,550.05,1,1,1,1,1,,,,,,,,,,,,,,,,,,,,,,,,,,,,,,,,,,,,,,,,,,,,,,,
,T062,B5,1,1,1022.06,1,1,1,1,1,,,,,,,,,,,,,,,,,,,,,,,,,,,,,,,,,,,,,,,,,,,,,,,
,T063,AE,1,1,203.19,1,1,1,1,1,,,1,,,,,,,,,,,,,,,,,,,,,,,,,,,,,,,,,,,,,,,,,,,,
,T064,AE,1,1,48.9,1,1,1,1,1,,,,,,,,,,,,,,,,,,,,,,,,,,,,,,,,,,,,,,,,,,,,,,,
,T065,D,1,1,0,1,1,1,1,1,,,,,,,,,,,,,,,,,,,,,,,,,,,,,,,,,,,,,,,,,,,,,,,
,T64,AE,#N/A,#N/A,0,,,,,0,,,,1,, CAJA EMPALME PORTICO,,,,,,,,,,,,,,,,,,,,,,,,,,,,,,,,,,,,,,,,,
,,,,,,,,,,,,,,,, ,,,,,,,,,,,,,,,,,,,,,,,,,,,,,,,,,,,,,,,,,
,,,,,,,,,,,,,,,,,,,,,,,,,,,,,,,,,,,,,,,,,,,,,,,,,,,,,,,,,
,7 APROVECHAMIENTO,,,,,,,,,,,,,,,,,,,,,,,,,"OBSERVACIONES 
CONTROL DE OBRA",EJECUTADO,PROGRAMADO,,,,,,,,,,,,,,,,,,,,,,,,,,,,,
,0,TORRES,APROVECHAMIENTO SITIO,,Vano,VANO ( + ),,PODA,,SE REQUIERE VANO PARA ENERGIZAR,,OBSERVACION PARA ENERGIZAR,,OBSERVACIONES DEL AREA FORESTAL,,,DESCRIPCIÓN PROGRAMADO,,,00:00:00,OBSERVACIONES EJECUTADO,,,,,,,,,,,,,,,,,,,,,,,,,,,,,,,,,,,,
,,Pórtico San Felipe,,,54.449,,,,,,,,,,,,,,,,,,,,,,,,,,,,,,,,,,,,,,,,,,,,,,,,,,,,
,,1,,,416.525,,,,,,,,,,,,,,,,,,,,,,,,,,,,,,,,,,,,,,,,,,,,,,,,,,,,
,,2,,,222.525,,,,,,,,,,,,,,,,,,,,,,,,,,,,,,,,,,,,,,,,,,,,,,,,,,,,
,,3,,,294.486,,,,,,,,,,,,,,,,,,,,,,,,,,,,,,,,,,,,,,,,,,,,,,,,,,,,
,,4,,,231.158,,,,,,,,,,,,,,,,,,,,,,,,,,,,,,,,,,,,,,,,,,,,,,,,,,,,
,,5,,,333.609,,,,,,,,,,,,,,,,,,,,,,,,,,,,,,,,,,,,,,,,,,,,,,,,,,,,
,,6,,,313.606,,,,,,,,,,,,,,,,,,,,,,,,,,,,,,,,,,,,,,,,,,,,,,,,,,,,
,,7,,,370.751,,,,,,,,,,,,,,,,,,,,,,,,,,,,,,,,,,,,,,,,,,,,,,,,,,,,
,,8,,,241.453,,,,,,,,,,,,,,,,,,,,,,,,,,,,,,,,,,,,,,,,,,,,,,,,,,,,
,,9,,,242.93,,,,,,,,,,,,,,,,,,,,,,,,,,,,,,,,,,,,,,,,,,,,,,,,,,,,
,,10,,,264.029,,,,,,,,,,,,,,,,,,,,,,,,,,,,,,,,,,,,,,,,,,,,,,,,,,,,
,,11,,,495.554,,,,,,,,,,,,,,,,,,,,,,,,,,,,,,,,,,,,,,,,,,,,,,,,,,,,
,,12,,,283.183,,,,,,,,,,,,,,,,,,,,,,,,,,,,,,,,,,,,,,,,,,,,,,,,,,,,
,,13,,,333.131,,,,,,,,,,,,,,,,,,,,,,,,,,,,,,,,,,,,,,,,,,,,,,,,,,,,
,,14,,,339.609,,,,,,,,,,,,,,,,,,,,,,,,,,,,,,,,,,,,,,,,,,,,,,,,,,,,
,,15,,,372.418,,,,,,,,,,,,,,,,,,,,,,,,,,,,,,,,,,,,,,,,,,,,,,,,,,,,
,,16,,,207.469,,,,,,,,,,,,,,,,,,,,,,,,,,,,,,,,,,,,,,,,,,,,,,,,,,,,
,,17,,,211.157,,,,,,,,,,,,,,,,,,,,,,,,,,,,,,,,,,,,,,,,,,,,,,,,,,,,
,,18,,,259.783,,,,,,,,,,,,,,,,,,,,,,,,,,,,,,,,,,,,,,,,,,,,,,,,,,,,
,,19,,,309.852,,,,,,,,,,,,,,,,,,,,,,,,,,,,,,,,,,,,,,,,,,,,,,,,,,,,
,,20,,,340.378,,,,,,,,,,,,,,,,,,,,,,,,,,,,,,,,,,,,,,,,,,,,,,,,,,,,
,,21,,,312.18,,,,,,,,,,,,,,,,,,,,,,,,,,,,,,,,,,,,,,,,,,,,,,,,,,,,
,,22,,,330.496,,,,,,,,,,,,,,,,,,,,,,,,,,,,,,,,,,,,,,,,,,,,,,,,,,,,
,,23,,,428.539,,,,,,,,,,,,,,,,,,,,,,,,,,,,,,,,,,,,,,,,,,,,,,,,,,,,
,,24,,,235.347,,,,,,,,,,,,,,,,,,,,,,,,,,,,,,,,,,,,,,,,,,,,,,,,,,,,
,,25,,,238.511,,,,,,,,,,,,,,,,,,,,,,,,,,,,,,,,,,,,,,,,,,,,,,,,,,,,
,,26,,,313.714,,,,,,,,,,,,,,,,,,,,,,,,,,,,,,,,,,,,,,,,,,,,,,,,,,,,
,,27,,,270.223,,,,,,,,,,,,,,,,,,,,,,,,,,,,,,,,,,,,,,,,,,,,,,,,,,,,
,,28,,,390.854,,,,,,,,,,,,,,,,,,,,,,,,,,,,,,,,,,,,,,,,,,,,,,,,,,,,
,,29,,,359.495,,,,,,,,,,,,,,,,,,,,,,,,,,,,,,,,,,,,,,,,,,,,,,,,,,,,
,,30,,,362.585,,,,,,,,,,,,,,,,,,,,,,,,,,,,,,,,,,,,,,,,,,,,,,,,,,,,
,,31,,,337.256,,,,,,,,,,,,,,,,,,,,,,,,,,,,,,,,,,,,,,,,,,,,,,,,,,,,
,,32,,,428.696,,,,,,,,,,,,,,,,,,,,,,,,,,,,,,,,,,,,,,,,,,,,,,,,,,,,
,,33,,,247.937,,,,,,,,,,,,,,,,,,,,,,,,,,,,,,,,,,,,,,,,,,,,,,,,,,,,
,,34,,,331.389,,,,,,,,,,,,,,,,,,,,,,,,,,,,,,,,,,,,,,,,,,,,,,,,,,,,
,,35,,,334.674,,,,,,,,,,,,,,,,,,,,,,,,,,,,,,,,,,,,,,,,,,,,,,,,,,,,
,,36,,,294.718,,,,,,,,,,,,,,,,,,,,,,,,,,,,,,,,,,,,,,,,,,,,,,,,,,,,
,,37,,,351.396,,,,,,,,,,,,,,,,,,,,,,,,,,,,,,,,,,,,,,,,,,,,,,,,,,,,
,,38,,,341.217,,,,,,,,,,,,,,,,,,,,,,,,,,,,,,,,,,,,,,,,,,,,,,,,,,,,
,,39,,,361.639,,,,,,,,,,,,,,,,,,,,,,,,,,,,,,,,,,,,,,,,,,,,,,,,,,,,
,,40,,,351.402,,,,,,,,,,,,,,,,,,,,,,,,,,,,,,,,,,,,,,,,,,,,,,,,,,,,
,,41,,,350.528,,,,,,,,,,,,,,,,,,,,,,,,,,,,,,,,,,,,,,,,,,,,,,,,,,,,
,,42,,,363.928,,,,,,,,,,,,,,,,,,,,,,,,,,,,,,,,,,,,,,,,,,,,,,,,,,,,
,,43,,,376.839,,,,,,,,,,,,,,,,,,,,,,,,,,,,,,,,,,,,,,,,,,,,,,,,,,,,
,,44,,,417.359,,,,,,,,,,,,,,,,,,,,,,,,,,,,,,,,,,,,,,,,,,,,,,,,,,,,
,,45,,,409.869,,,,,,,,,,,,,,,,,,,,,,,,,,,,,,,,,,,,,,,,,,,,,,,,,,,,
,,46,,,318.751,,,,,,,,,,,,,,,,,,,,,,,,,,,,,,,,,,,,,,,,,,,,,,,,,,,,
,,47,,,257.333,,,,,,,,,,,,,,,,,,,,,,,,,,,,,,,,,,,,,,,,,,,,,,,,,,,,
,,48,,,298.489,,,,,,,,,,,,,,,,,,,,,,,,,,,,,,,,,,,,,,,,,,,,,,,,,,,,
,,49,,,315.294,,,,,,,,,,,,,,,,,,,,,,,,,,,,,,,,,,,,,,,,,,,,,,,,,,,,
,,50,,,366.832,,,,,,,,,,,,,,,,,,,,,,,,,,,,,,,,,,,,,,,,,,,,,,,,,,,,
,,51,,,236.579,,,,,,,,,,,,,,,,,,,,,,,,,,,,,,,,,,,,,,,,,,,,,,,,,,,,
,,52,,,503.346,,,,,,,,,,,,,,,,,,,,,,,,,,,,,,,,,,,,,,,,,,,,,,,,,,,,
,,53,,,518.586,,,,,,,,,,,,,,,,,,,,,,,,,,,,,,,,,,,,,,,,,,,,,,,,,,,,
,,54,,,542.096,,,,,,,,,,,,,,,,,,,,,,,,,,,,,,,,,,,,,,,,,,,,,,,,,,,,
,,55,,,408.017,,,,,,,,,,,,,,,,,,,,,,,,,,,,,,,,,,,,,,,,,,,,,,,,,,,,
,,56,,,514.032,,,,,,,,,,,,,,,,,,,,,,,,,,,,,,,,,,,,,,,,,,,,,,,,,,,,
,,57,,,221.82,,,,,,,,,,,,,,,,,,,,,,,,,,,,,,,,,,,,,,,,,,,,,,,,,,,,
,,58,,,221.812,,,,,,,,,,,,,,,,,,,,,,,,,,,,,,,,,,,,,,,,,,,,,,,,,,,,
,,59,,,451.239,,,,,,,,,,,,,,,,,,,,,,,,,,,,,,,,,,,,,,,,,,,,,,,,,,,,
,,60,,,441.671,,,,,,,,,,,,,,,,,,,,,,,,,,,,,,,,,,,,,,,,,,,,,,,,,,,,
,,61,,,378.279,,,,,,,,,,,,,,,,,,,,,,,,,,,,,,,,,,,,,,,,,,,,,,,,,,,,
,,62,,,550.06,,,,,,,,,,,,,,,,,,,,,,,,,,,,,,,,,,,,,,,,,,,,,,,,,,,,
,,63,,,1022.058,,,,,,,,,,,,,,,,,,,,,,,,,,,,,,,,,,,,,,,,,,,,,,,,,,,,
,,64,,,203.205,,,,,,,,,,,,,,,,,,,,,,,,,,,,,,,,,,,,,,,,,,,,,,,,,,,,
,,65,,,43.343,,,,,,,,,,,,,,,,,,,,,,,,,,,,,,,,,,,,,,,,,,,,,,,,,,,,
,,Pórtico PDO,,,,,,,,,,,,,,,,,,,,,,,,,,,,,,,,,,,,,,,,,,,,,,,,,,,,,,,
,,,,,,,,,,,,,,,,,,,,,,,,,,,,,,,,,,,,,,,,,,,,,,,,,,,,,,,,,
,,,,,,,,,,,,,,,,,,,,,,,,,,,,,,,,,,,,,,,,,,,,,,,,,,,,,,,,,
,OBSERVACIONES DEL DÍA DE HOY,,,,,,,2026-02-01 00:00:00,,,,,,,,,,,,,,,,,,"OBSERVACIONES 
CONTROL DE OBRA",,,,,,,,,,,,,,,,,,,,,,,,,,,,,,,
,ESTADO DEL TIEMPO,CONDICIONES:,,Parcialmente nublado ,,,,TEMPERATURA[°C]:,,33°,,LLUVIAS:,,0:00:00,HORAS,0,,,,,,,,,,,,,,,,,,,,,,,,,,,,,,,,,,,,,,,,,
,"SST: Validación documentación de personal, equipos, herramientas. Acompañamiento en campo. ",,,,,,,,,,,,,,,,,,,,,,,,,,,,,,,,,,,,,,,,,,,,,,,,,,,,,,,,
,OFICINA TÉCNICA San Sebastián: GESTION DOCUMENTAL,,,,,,,,,,,,,,,,,,,,,,,,,,,,,,,,,,,,,,,,,,,,,,,,,,,,,,,,
,"SOCIO AMBIENTAL:
Trabajo de oficina, se firmó paz y salvo de vano 63, 64 de la T02-T08, T12 y levantamiento de acta por los vanos de 12-13",,,,,,,,,,,,,,,,,,,,,,,,,,,,,,,,,,,,,,,,,,,,,,,,,,,,,,,,
,"TECNICO
 Movilizacion de cuadrialla de pintura para T64  actividades de retoque y entrega

 ",,,,,,,,,,,,,,,,,,,,,,,,,,,,,,,,,,,,,,,,,,,,,,,,,,,,,,,,
,OBSERVACIONES PARA ,,,,,,2026-02-02 00:00:00,,,,,,,,,,,,,,,,,,,"OBSERVACIONES 
CONTROL DE OBRA",,,,,,,,,,,,,,,,,,,,,,,,,,,,,,,
,"SOCIO AMBIENTAL:
Trabajo de oficina",,,,,,,,,,,,,,,,,,,,,,,,,,,,,,,,,,,,,,,,,,,,,,,,,,,,,,,,
,"TECNICO
Movilizacion de cuadrialla de pintura para T64  actividades de retoque y entrega

 ",,,,,,,,,,,,,,,,,,,,,,,,,,,,,,,,,,,,,,,,,,,,,,,,,,,,,,,,
,,,,,,,,,,,,,,,,,,,,,,,,,,,,,,,,,,,,,,,,,,,,,,,,,,,,,,,,,
,NOMBRE DE QUIEN HACE EL INFORME:,,,,,,,,,,REVISADO/APROBADO POR:,,,,,,,,,SELECCIÓN,,,,,,,,,,,,,,,,,,,,,,,,,,,,,,,,,,,,,
,EMPRESA,INSTELEC SAS,,,,,,,,,HMV INGENIEROS SAS,,,,,,,,,,,,,,,,,,,,,,,,,,,,,,,,,,,,,,,,,,,,,,
,NOMBRE,Gabriel Valen cia,,,,,,,,,,,,,,,,,,,,,,,,,,,,,,,,,,,,,,,,,,,,,,,,,,,,,,,
,FIRMA (magnética o física),,,,,,,,,,,,,,,,,,,,,,,,,,,,,,,,,,,,,,,,,,,,,,,,,,,,,,,,
,FECHA,2026-02-01 00:00:00,,,,,,,,,2026-02-01 00:00:00,,,,,,,,,2026-02-01 00:00:00,,,,,,,,,,,,,,,,,,,,,,,,,,,,,,,,,,,,,
,,,,,,,,,,,,,,,,,,,,,,,,,,,,,,,,,,,,,,,,,,,,,,,,,,,,,,,,,
